flight_id,type,aircraft,battery,start_s,box_ids,route
Q2-PROOF-V2-01,A,U01,A-BAT01,0.0,S001-MED-01|S001-MED-02|S001-WAT-01,O01|S001|O01
Q2-PROOF-V2-02,A,U02,A-BAT02,0.0,S004-WAT-01|S004-FOD-01,O01|S004|O01
Q2-PROOF-V2-03,A,U03,A-BAT03,0.0,S013-WAT-01|S013-FOD-01,O01|S013|O01
Q2-PROOF-V2-04,A,U04,A-BAT04,0.0,S004-MED-01|S004-WAT-02|S011-MED-01,O01|S011|S004|O01
Q2-PROOF-V2-05,B,U05,B-BAT01,0.0,S014-MED-01|S014-WAT-01|S014-FOD-01,O01|S014|O01
Q2-PROOF-V2-06,B,U06,B-BAT02,0.0,S010-MED-01|S010-WAT-01|S010-FOD-01,O01|S010|O01
Q2-PROOF-V2-07,C,U07,C-BAT01,0.0,S001-WAT-02|S001-WAT-03|S001-WAT-04|S001-WAT-05|S001-FOD-01,O01|S001|O01
Q2-PROOF-V2-08,C,U08,C-BAT02,0.0,S001-WAT-06|S001-WAT-07|S001-WAT-08|S001-FOD-02|S001-FOD-03|S001-HYG-01|S001-HYG-02,O01|S001|O01
Q2-PROOF-V2-09,A,U01,A-BAT05,1310.899502077302,S002-WAT-01|S009-MED-01|S013-MED-01,O01|S009|S002|S013|O01
Q2-PROOF-V2-10,C,U07,C-BAT03,1428.1690773291593,S006-MED-01|S006-WAT-01|S006-WAT-02|S006-WAT-03|S006-FOD-01|S006-HYG-01,O01|S006|O01
Q2-PROOF-V2-11,B,U06,B-BAT03,1555.379565831177,S012-MED-01|S012-WAT-01|S012-FOD-01,O01|S012|O01
Q2-PROOF-V2-12,C,U08,C-BAT04,1560.1690773291593,S002-MED-01|S002-WAT-02|S002-WAT-03|S002-WAT-04|S002-FOD-01|S002-FOD-02|S002-HYG-01,O01|S002|O01
Q2-PROOF-V2-13,A,U03,A-BAT06,1612.113737676263,S007-MED-01|S007-WAT-01,O01|S007|O01
Q2-PROOF-V2-14,B,U05,B-BAT04,1869.7564163815437,S004-WAT-03|S004-HYG-01,O01|S004|O01
Q2-PROOF-V2-15,A,U02,A-BAT01,2178.800185367184,S007-WAT-02|S007-FOD-01,O01|S007|O01
Q2-PROOF-V2-16,A,U04,A-BAT03,2697.242479319197,S003-MED-01|S003-WAT-01|S015-MED-01,O01|S003|S015|O01
Q2-PROOF-V2-17,C,U07,C-BAT01,2989.7229452907886,S003-WAT-02|S003-WAT-03|S003-WAT-04|S003-FOD-01|S003-FOD-02|S003-HYG-01|S007-HYG-01,O01|S007|S003|O01
Q2-PROOF-V2-18,B,U06,B-BAT02,3478.1199165752214,S008-MED-01|S008-WAT-01|S008-FOD-01,O01|S008|O01
Q2-PROOF-V2-19,A,U03,A-BAT02,3600.67942640683,S015-WAT-01|S015-FOD-01,O01|S015|O01
Q2-PROOF-V2-20,C,U08,C-BAT02,3733.9814621443734,S005-MED-01|S005-WAT-01|S005-WAT-02|S005-WAT-03|S005-FOD-01|S005-HYG-01,O01|S005|O01
Q2-PROOF-V2-21,B,U05,B-BAT01,3791.4000534448223,S008-WAT-02|S008-HYG-01,O01|S008|O01
Q2-PROOF-V2-22,A,U02,A-BAT04,3906.2242699079684,S009-WAT-01|S009-FOD-01,O01|S009|O01
Q2-PROOF-V2-23,A,U01,A-BAT06,4389.970246872384,S011-WAT-01|S011-FOD-01,O01|S011|O01
