key,title,authors,journal,year,volume,number,pages,doi,source,scope,notes
otto2018,Optimization approaches for civil applications of unmanned aerial vehicles (UAVs) or aerial drones: A survey,"Otto, Alena and Agatz, Niels and Campbell, James and Golden, Bruce and Pesch, Erwin",Networks,2018,72,4,411--458,10.1002/net.21818,https://onlinelibrary.wiley.com/doi/10.1002/net.21818,无人机运筹问题分类与建模对象选择,
macrina2020,Drone-aided routing: A literature review,"Macrina, Giusy and Di Puglia Pugliese, Luigi and Guerriero, Francesca and Laporte, Gilbert",Transportation Research Part C: Emerging Technologies,2020,120,,102762,10.1016/j.trc.2020.102762,https://www.sciencedirect.com/science/article/pii/S0968090X20306744,运输组织和路径优化研究概况,
agatz2018,Optimization Approaches for the Traveling Salesman Problem with Drone,"Agatz, Niels and Bouman, Paul and Schmidt, Marie",Transportation Science,2018,52,4,965--981,10.1287/trsc.2017.0791,https://pubsonline.informs.org/doi/10.1287/trsc.2017.0791,车机协调的建模参照；不作为本题实测对照,
bouman2018,Dynamic programming approaches for the traveling salesman problem with drone,"Bouman, Paul and Agatz, Niels and Schmidt, Marie",Networks,2018,72,4,528--542,10.1002/net.21864,https://onlinelibrary.wiley.com/doi/10.1002/net.21864,动态规划状态思想；不声称使用相同的车机状态,
pisinger2007,A general heuristic for vehicle routing problems,"Pisinger, David and Ropke, Stefan",Computers & Operations Research,2007,34,8,2403--2435,10.1016/j.cor.2005.09.012,https://www.sciencedirect.com/science/article/pii/S0305054805003023,移除和插入的统一框架,
feillet2004,An exact algorithm for the elementary shortest path problem with resource constraints: Application to some vehicle routing problems,"Feillet, Dominique and Dejax, Pierre and Gendreau, Michel and Gueguen, Cyrille",Networks,2004,44,3,216--229,10.1002/net.20033,https://onlinelibrary.wiley.com/doi/10.1002/net.20033,资源约束路径的精确定价与标签支配,
bertsimas2004,The Price of Robustness,"Bertsimas, Dimitris and Sim, Melvyn",Operations Research,2004,52,1,35--53,10.1287/opre.1030.0065,https://pubsonline.informs.org/doi/10.1287/opre.1030.0065,名义性能与保障水平的取舍；未声称本题运行其鲁棒模型,
hartmann2022,An updated survey of variants and extensions of the resource-constrained project scheduling problem,"Hartmann, S{\""o}nke and Briskorn, Dirk",European Journal of Operational Research,2022,297,1,1--14,10.1016/j.ejor.2021.05.004,https://doi.org/10.1016/j.ejor.2021.05.004,资源与先后关系的调度分类,
huangfu2018,Parallelizing the dual revised simplex method,"Huangfu, Qi and Hall, J. A. J.",Mathematical Programming Computation,2018,10,1,119--142,10.1007/s12532-017-0130-5,https://link.springer.com/article/10.1007/s12532-017-0130-5,线性规划求解技术背景；不宣称本题采用其所有并行策略,
karney2013,Algorithms for geodesics,"Karney, Charles F. F.",Journal of Geodesy,2013,87,1,43--55,10.1007/s00190-012-0578-z,https://link.springer.com/article/10.1007/s00190-012-0578-z,测地线径向距离核验,
dolan2002,Benchmarking optimization software with performance profiles,"Dolan, Elizabeth D. and Mor{\'e}, Jorge J.",Mathematical Programming,2002,91,2,201--213,10.1007/s101070100263,https://doi.org/10.1007/s101070100263,一致预算与比较对象的评价原则；本题不冒充多实例性能剖面,
stolaroff2018,Energy use and life cycle greenhouse gas emissions of drones for commercial package delivery,"Stolaroff, Joshuah K. and Samaras, Constantine and O'Neill, Emma R. and Lubers, Alia and Mitchell, Alexandra S. and Ceperley, Daniel",Nature Communications,2018,9,,409,10.1038/s41467-017-02411-5,https://www.nature.com/articles/s41467-017-02411-5,电池任务能耗与生命周期能耗的区别；不套用其设备参数,
stolaroff2018corr,Author Correction: Energy use and life cycle greenhouse gas emissions of drones for commercial package delivery,"Stolaroff, Joshuah K. and Samaras, Constantine and O'Neill, Emma R. and Lubers, Alia and Mitchell, Alexandra S. and Ceperley, Daniel",Nature Communications,2018,9,,1054,10.1038/s41467-018-03457-9,https://doi.org/10.1038/s41467-018-03457-9,所引用原论文的勘误，不作为独立对比方法,
zhang2019cellular,Cellular-Enabled UAV Communication: A Connectivity-Constrained Trajectory Optimization Perspective,"Zhang, Shuowen and Zeng, Yong and Zhang, Rui",IEEE Transactions on Communications,2019,67,3,2580--2604,10.1109/TCOMM.2018.2880468,https://arxiv.org/abs/1805.07182,连通性约束的轨迹优化思想；作者原稿与正式期刊记录相对应,
zeng2019energy,Energy Minimization for Wireless Communication With Rotary-Wing UAV,"Zeng, Yong and Xu, Jie and Zhang, Rui",IEEE Transactions on Wireless Communications,2019,18,4,2329--2345,10.1109/TWC.2019.2902559,https://arxiv.org/abs/1804.02238,旋翼通信中悬停、轨迹、时间的能源耦合；不替换题面模型,
turkes2021,Meta-analysis of metaheuristics: Quantifying the effect of adaptiveness in adaptive large neighborhood search,"Turke{\v s}, Renata and S{\""o}rensen, Kenneth and Hvattum, Lars Magnus",European Journal of Operational Research,2021,292,2,423--442,10.1016/j.ejor.2020.10.045,https://www.sciencedirect.com/science/article/pii/S037722172030936X,适应层效果依赖实现与算子选择；不摘录跨文献平均值当作本题结果,
yucesoy2025,The role of drones in disaster response: A literature review of operations research applications,"Yucesoy, Ecem and Balcik, Burcu and Coban, Elvin",International Transactions in Operational Research,2025,32,2,545--589,10.1111/itor.13484,https://onlinelibrary.wiley.com/doi/10.1111/itor.13484,救灾信息、交付与通信恢复的分类,2024-06-05 online first; issue 2025
hong2025,Communication-Constrained UAV Pickup and Delivery for Continuous Operations,"Hong, Jun-Pyo and Im, Jaeho and Kim, Joon-Seok and Ko, Kyeongjun and Lim, Seung-Chan",Electronics,2025,14,23,4638,10.3390/electronics14234638,https://www.mdpi.com/2079-9292/14/23/4638,连续取送任务与通信要求耦合；其SCA/PCCP方法不是本题实现,
liu2025battery,Integrating battery-related decisions into truck-drone tandem delivery problem with limited battery resources,"Liu, Zhongshan and Yu, Bin and Chen, Tingting and Zhang, Li",Transportation Research Part C: Emerging Technologies,2025,174,,105082,10.1016/j.trc.2025.105082,https://doi.org/10.1016/j.trc.2025.105082,有限电池、换电及充电与路径的联合关系,
xin2025,Truck-drone supported humanitarian relief logistics network design: A two-stage distributionally robust optimization approach,"Xin, Xu and Wang, Shuaian and Zhang, Tao",Transportation Research Part C: Emerging Technologies,2025,178,,105231,10.1016/j.trc.2025.105231,https://www.sciencedirect.com/science/article/abs/pii/S0968090X25002359,救灾需求和道路容量不确定下的两阶段网络设计,
dukkanci2026,A truck--drone delivery problem with location and routing decisions under uncertainty,"Dukkanci, Okan",Omega,2026,139,,103446,10.1016/j.omega.2025.103446,https://doi.org/10.1016/j.omega.2025.103446,需求和旅行时间不确定的选址—路径；情景分解,
li2025hurricane,Dynamic truck-drone collaborative transportation during hurricanes,"Li, Keyu and Cui, Haipeng and Meng, Qiang and Zhang, Xuxin",Transportation Research Part C: Emerging Technologies,2025,180,,105322,10.1016/j.trc.2025.105322,https://www.sciencedirect.com/science/article/abs/pii/S0968090X25003262,飓风动态风况的车机协同；不把本题能耗倍率称为真实风场,
bhuiyan2026,Optimization of a Mixed Fleet of Aerial Drones for Medical Supplies: A Case Study of Blood Delivery Logistics,"Bhuiyan, Tanveer Hossain and Hosseini Dolatabadi, Sayed Hamid and Uddin, Md Jalal and Walker, Victor",Transportation Research Record,2026,2680,8,455--481,10.1177/03611981251394973,https://journals.sagepub.com/doi/full/10.1177/03611981251394973,混合机队、医疗交付和电池决策,2025-12-10 online first; issue 2026-08
saunders2024,Autonomous aerial robotics for package delivery: A technical review,"Saunders, Jack and Saeedi, Sajad and Li, Wenbin",Journal of Field Robotics,2024,41,1,3--49,10.1002/rob.22231,https://onlinelibrary.wiley.com/doi/10.1002/rob.22231,自主配送的航行、操作与系统需求,2023-07-26 online first; issue 2024
akpunar2025,A Novel Mathematical Model with Fairness Constraints for Uninterrupted Network Coverage in Disasters,"{\c S}at{\i}r Akpunar, {\""O}zge and Akpinar, {\c S}ener",Journal of Network and Systems Management,2025,33,,39,10.1007/s10922-025-09914-3,https://link.springer.com/article/10.1007/s10922-025-09914-3,灾害连续覆盖、悬停位置/时长与电池约束,
zhang2026communication,Dynamic Multimodal Routing With Drones Under Communication Uncertainty in Emergency Logistics: A Hybrid Reinforcement Learning--Heuristic Approach,"Zhang, Yimeng and Zhu, Shuyang and Gan, Mi and Liu, Xiaobo and Ai, Ruixue",IET Intelligent Transport Systems,2026,20,1,e70302,10.1049/itr2.70302,https://ietresearch.onlinelibrary.wiley.com/doi/10.1049/itr2.70302,通信扰动与事件触发重调度的前沿方向，不作本题数值对照,Publisher author header and contribution list used; automatic how-to-cite line differs; author list should be reconfirmed before submission
