电池,前任务,后任务,恢复s,后项s,余量s
A-BAT01,Q2-R-01,Q2-R-15,2121.3550272147386,2178.800185367184,57.4451581524454
A-BAT02,Q2-R-02,Q2-R-19,3600.67942640683,3600.67942640683,0.0
A-BAT03,Q2-R-03,Q2-R-16,2697.242479319197,2697.242479319197,0.0
A-BAT04,Q2-R-04,Q2-R-22,3895.818220385867,3906.2242699079684,10.406049522101512
A-BAT06,Q2-R-12,Q2-R-23,4389.970246872384,4389.970246872384,0.0
B-BAT01,Q2-R-05,Q2-R-18,3012.0977016700954,3478.1199165752214,466.022214905126
B-BAT02,Q2-R-06,Q2-R-20,3463.9247586280844,3791.4000534448223,327.4752948167379
C-BAT01,Q2-R-07,Q2-R-21,3181.2145113646798,3799.9814621443734,618.7669507796936
C-BAT02,Q2-R-08,Q2-R-17,2956.3465568503216,2989.7229452907886,33.37638844046705
