任务,直连min,中继min,切换数
Q3-T-01,14.848325034621704,0.0,0
Q3-T-02,15.639700018936137,7.150701390076936,2
Q3-T-03,15.639700018936137,7.150701390076936,2
Q3-T-04,12.532122113465503,6.890870650387442,2
Q3-T-05,14.410300791128543,10.252306148563854,2
Q3-T-06,18.10281795548599,0.0,0
Q3-T-07,18.025897799360493,0.0,0
Q3-T-08,13.00540433586269,9.138149527991784,2
Q3-T-09,13.586638116042048,24.50549481279423,3
Q3-T-10,12.262612972807046,13.283059539593697,3
Q3-T-11,16.302817955485988,0.0,0
Q3-T-12,11.503276459471515,16.22692995411538,3
Q3-T-13,14.285597353306912,6.58296494129748,3
Q3-T-14,15.719040142303992,10.308353808750644,3
Q3-T-15,21.829370894789054,12.738595606247804,4
Q3-T-16,14.928304664324106,21.464902310548133,3
Q3-T-17,16.300217117063518,20.588656984718643,3
Q3-T-18,18.822152725419595,11.491183697366797,4
Q3-T-19,11.763457708881226,11.5230510332159,2
Q3-T-20,12.675921689387451,13.521268904950619,2
Q3-T-21,12.675921689387451,13.021268904950619,2
Q3-T-22,16.354266652175884,10.45555673361734,2
Q3-T-23,14.367049110962686,0.0,0
