flight_id,type,aircraft,battery,route,box_ids,start_s,takeoff_s,return_s,charge_end_s,charge_s,energy_kwh,return_soc,work_s
V4-08,A,U01,A-BAT01,"[""O01"", ""S001"", ""O01""]","[""S001-FOD-01"", ""S001-WAT-01""]",0.0,360.0,1250.8995020773023,2121.355027214739,870.4555251374368,1.2823460485526663,0.7150342114327408,1250.8995020773023
V4-17,A,U02,A-BAT02,"[""O01"", ""S013"", ""O01""]","[""S013-FOD-01"", ""S013-WAT-01""]",0.0,360.0,1612.1137376762044,2697.242479319098,1085.1287416428936,2.0254456441484785,0.5499009679670048,1612.1137376762044
V4-15,A,U03,A-BAT03,"[""O01"", ""S007"", ""O01""]","[""S007-FOD-01"", ""S007-WAT-01""]",0.0,360.0,1727.4240845407253,2796.8016652741157,1069.3775807333905,1.970922394846352,0.5620172455896996,1727.4240845407253
V4-21,A,U04,A-BAT04,"[""O01"", ""S011"", ""S004"", ""O01""]","[""S004-MED-01"", ""S004-WAT-03"", ""S011-MED-01""]",0.0,390.0,2464.077990062161,3895.8182203857837,1431.7402303236227,3.2252546434279252,0.2832767459049055,2464.077990062161
V4-16,A,U01,A-BAT05,"[""O01"", ""S009"", ""S002"", ""S013"", ""O01""]","[""S002-WAT-01"", ""S009-MED-01"", ""S013-MED-01""]",1250.899502077302,1640.899502077302,3926.427477807457,5405.731319479741,1479.3038416722836,3.389897913480983,0.24668935255978164,2675.527975730155
V4-19,A,U02,A-BAT06,"[""O01"", ""S007"", ""O01""]","[""S007-MED-01"", ""S007-WAT-02""]",1612.113737676263,1972.113737676263,3339.537822216988,4389.970246872286,1050.4324246552983,1.9053430084221867,0.5765904425728474,1727.4240845407248
V4-20,A,U03,A-BAT01,"[""O01"", ""S004"", ""O01""]","[""S004-FOD-01"", ""S004-WAT-02""]",2121.3550272147386,2481.3550272147386,4300.155212581863,5722.034453621469,1421.8792410396054,3.191120449752481,0.2908621222772264,2178.800185367125
V4-18,A,U04,A-BAT02,"[""O01"", ""S003"", ""S015"", ""O01""]","[""S003-MED-01"", ""S003-WAT-01"", ""S015-MED-01""]",2697.242479319197,3087.242479319197,5300.574925426204,6753.10483645265,1452.529911026446,3.2972189227838524,0.2672846838258106,2603.3324461070065
V4-01,A,U02,A-BAT03,"[""O01"", ""S015"", ""O01""]","[""S015-FOD-01"", ""S015-WAT-01""]",3339.5378222170475,3699.5378222170475,5308.127225364642,6547.016739941104,1238.8895145764618,2.5576944735339064,0.4316234503257985,1968.5894031475946
V4-22,A,U01,A-BAT04,"[""O01"", ""S009"", ""O01""]","[""S009-FOD-01"", ""S009-WAT-01""]",3926.4274778074787,4286.427477807479,5615.040709638748,6788.532116178526,1173.491406539778,2.331316407253078,0.48192968727709373,1688.6132318312693
V4-23,A,U03,A-BAT06,"[""O01"", ""S011"", ""O01""]","[""S011-FOD-01"", ""S011-WAT-01""]",4389.970246872384,4749.970246872384,5611.993193530205,6456.1461277634935,844.1529342332891,1.1912986184998475,0.7352669736667006,1222.0229466578203
V4-05,B,U05,B-BAT01,"[""O01"", ""S012"", ""O01""]","[""S012-FOD-01"", ""S012-MED-01"", ""S012-WAT-01""]",0.0,390.0,1922.7403507440918,3782.1198802247372,1859.3795294806453,2.7524142988014897,0.3118964252996276,1922.7403507440918
V4-10,B,U06,B-BAT02,"[""O01"", ""S014"", ""O01""]","[""S014-FOD-01"", ""S014-MED-01"", ""S014-WAT-01""]",0.0,390.0,1869.7564163815439,3463.9247586280844,1594.1683422465408,2.1403884821074026,0.46490287947314934,1869.7564163815439
V4-11,B,U06,B-BAT03,"[""O01"", ""S004"", ""O01""]","[""S004-HYG-01"", ""S004-WAT-01""]",1869.7564163815437,2229.7564163815437,3791.4000534447746,5614.359735847691,1822.9596824029163,2.6683684978528843,0.3329078755367789,1921.643637063231
V4-12,B,U05,B-BAT04,"[""O01"", ""S010"", ""O01""]","[""S010-FOD-01"", ""S010-MED-01"", ""S010-WAT-01""]",1922.7403507440445,2312.7403507440445,3478.1199165752214,4934.838052414139,1456.7181358389184,1.8231956980898123,0.5442010754775469,1555.379565831177
V4-13,B,U05,B-BAT02,"[""O01"", ""S008"", ""O01""]","[""S008-FOD-01"", ""S008-MED-01"", ""S008-WAT-01""]",3478.1199165752214,3868.1199165752214,5439.9513522355055,7395.878513661657,1955.9271614261515,2.975216526368042,0.25619586840798947,1961.8314356602841
V4-14,B,U06,B-BAT01,"[""O01"", ""S008"", ""O01""]","[""S008-HYG-01"", ""S008-WAT-02""]",3791.4000534448223,4151.400053444822,5693.231489105107,7557.389366386605,1864.1578772814973,2.7634412552649943,0.3091396861837514,1901.831435660285
V4-02,C,U07,C-BAT01,"[""O01"", ""S001"", ""O01""]","[""S001-HYG-01"", ""S001-WAT-02"", ""S001-WAT-03"", ""S001-WAT-04"", ""S001-WAT-05""]",0.0,450.0,1428.1690773291593,2944.3218983572633,1516.1528210281037,2.5211796468729992,0.684852544140875,1428.1690773291593
V4-03,C,U08,C-BAT02,"[""O01"", ""S001"", ""O01""]","[""S001-FOD-02"", ""S001-FOD-03"", ""S001-HYG-02"", ""S001-MED-01"", ""S001-MED-02"", ""S001-WAT-06"", ""S001-WAT-07"", ""S001-WAT-08""]",0.0,540.0,1626.1690773291593,3196.27538015648,1570.1063028273206,2.720392502747031,0.6599509371566211,1626.1690773291593
V4-04,C,U07,C-BAT03,"[""O01"", ""S006"", ""O01""]","[""S006-FOD-01"", ""S006-HYG-01"", ""S006-MED-01"", ""S006-WAT-01"", ""S006-WAT-02"", ""S006-WAT-03""]",1428.1690773291593,1908.1690773291593,2989.7229452907773,4526.677992037752,1536.9550467469753,2.597987864911911,0.6752515168860111,1561.553867961618
V4-06,C,U08,C-BAT04,"[""O01"", ""S002"", ""O01""]","[""S002-FOD-01"", ""S002-FOD-02"", ""S002-HYG-01"", ""S002-MED-01"", ""S002-WAT-02"", ""S002-WAT-03"", ""S002-WAT-04""]",1626.1690773291593,2136.1690773291593,3799.9814621443734,6334.371474933134,2534.390012788761,6.280824662604657,0.21489691717441783,2173.812384815214
V4-07,C,U07,C-BAT01,"[""O01"", ""S007"", ""S003"", ""O01""]","[""S003-FOD-01"", ""S003-FOD-02"", ""S003-HYG-01"", ""S003-WAT-02"", ""S003-WAT-03"", ""S003-WAT-04"", ""S007-HYG-01""]",2989.7229452907886,3499.7229452907886,5683.315363783215,8247.8720697676,2564.556705984386,6.3922093759423495,0.2009738280072063,2693.592418492426
V4-09,C,U08,C-BAT02,"[""O01"", ""S005"", ""O01""]","[""S005-FOD-01"", ""S005-HYG-01"", ""S005-MED-01"", ""S005-WAT-01"", ""S005-WAT-02"", ""S005-WAT-03""]",3799.9814621443734,4279.981462144373,5677.171986670202,7654.015886120097,1976.843899449895,4.222192859507306,0.47222589256158676,1877.190524525829
