index,kind,removed,max_sorties,pool_size,physical_evaluations,workload_pruned,outcome,elapsed_s,energy,deadline_necessary
0,1-route/type,"[""V4-05""]",23,7,13,6,finite_pool_no_candidate,0.14348950004205108,,
1,1-route/type,"[""V4-10""]",23,7,13,6,finite_pool_no_candidate,0.061152599984779954,,
2,1-route/type,"[""V4-11""]",23,3,5,2,finite_pool_no_candidate,0.013663100020494312,,
3,1-route/type,"[""V4-12""]",23,10,13,3,finite_pool_no_candidate,0.009026999992784113,,
4,1-route/type,"[""V4-13""]",23,7,13,6,finite_pool_no_candidate,0.008261999988462776,,
5,1-route/type,"[""V4-14""]",23,3,5,2,finite_pool_no_candidate,0.12114250002196059,,
6,2-route,"[""V4-10"", ""V4-17""]",23,41,49,8,finite_pool_no_candidate,0.06144969997694716,,
7,2-route,"[""V4-11"", ""V4-20""]",23,16,16,,finite_pool_no_candidate,0.0056368999648839235,,
8,2-route,"[""V4-11"", ""V4-06""]",23,168,984,475,finite_pool_no_candidate,0.03927590005332604,341,
9,2-route,"[""V4-13"", ""V4-14""]",23,17,28,11,finite_pool_no_candidate,0.15612309996504337,,
10,2-route,"[""V4-05"", ""V4-16""]",23,89,183,36,finite_pool_no_candidate,0.05790519999573007,58,
11,2-route,"[""V4-12"", ""V4-17""]",23,29,49,20,finite_pool_no_candidate,0.03644779999740422,,
12,22-feasibility,"[""V4-13"", ""V4-14"", ""V4-09""]",22,213,4004,2549,finite_pool_no_candidate,0.09475859999656677,1242,
13,3-route,"[""V4-13"", ""V4-14"", ""V4-09""]",23,213,4004,2549,finite_pool_no_candidate,0.15771880000829697,1242,
14,22-feasibility,"[""V4-05"", ""V4-16"", ""V4-17""]",22,172,330,67,finite_pool_no_candidate,0.010936300037428737,91,
15,3-route,"[""V4-05"", ""V4-16"", ""V4-17""]",23,172,330,67,finite_pool_no_candidate,0.5273660999955609,91,
16,22-feasibility,"[""V4-10"", ""V4-12"", ""V4-17""]",22,218,218,,finite_pool_no_candidate,0.018428599985782057,,
17,3-route,"[""V4-10"", ""V4-12"", ""V4-17""]",23,218,218,,finite_pool_no_candidate,0.06163730000844225,,
18,2-route,"[""V4-01"", ""V4-05""]",23,19,49,,finite_pool_no_candidate,0.15571490000002086,30,
19,2-route,"[""V4-01"", ""V4-10""]",23,19,49,,finite_pool_no_candidate,0.10863990004872903,30,
20,2-route,"[""V4-01"", ""V4-11""]",23,11,21,1,finite_pool_no_candidate,0.011646499973721802,9,
21,2-route,"[""V4-01"", ""V4-12""]",23,19,49,2,finite_pool_no_candidate,0.008030200027860701,28,
22,2-route,"[""V4-01"", ""V4-13""]",23,21,49,9,finite_pool_no_candidate,0.010533099994063377,19,
23,2-route,"[""V4-01"", ""V4-14""]",23,11,21,3,finite_pool_no_candidate,0.005308799969498068,7,
24,2-route,"[""V4-02"", ""V4-05""]",23,88,555,420,finite_pool_no_candidate,0.03764559997944161,47,
25,2-route,"[""V4-02"", ""V4-10""]",23,58,555,480,finite_pool_no_candidate,0.02922029996989295,17,
26,2-route,"[""V4-02"", ""V4-11""]",23,70,263,164,finite_pool_no_candidate,0.05490960000315681,29,
27,2-route,"[""V4-02"", ""V4-12""]",23,61,555,494,finite_pool_no_candidate,0.020758500031661242,,
28,2-route,"[""V4-02"", ""V4-13""]",23,84,555,343,finite_pool_no_candidate,0.07026539999060333,128,
29,2-route,"[""V4-02"", ""V4-14""]",23,54,263,156,finite_pool_no_candidate,0.025728299980983138,53,
30,2-route,"[""V4-03"", ""V4-05""]",23,400,4087,3190,finite_pool_no_candidate,0.24500980001175776,497,
31,2-route,"[""V4-03"", ""V4-10""]",23,352,4087,3562,finite_pool_no_candidate,0.14187519997358322,173,
32,2-route,"[""V4-03"", ""V4-11""]",23,377,1919,1275,finite_pool_no_candidate,0.2381531000137329,267,
33,2-route,"[""V4-03"", ""V4-12""]",23,361,4087,3726,finite_pool_no_candidate,0.14550579997012392,,
34,2-route,"[""V4-03"", ""V4-13""]",23,397,4087,2510,finite_pool_no_candidate,0.24782509997021407,1180,
35,2-route,"[""V4-03"", ""V4-14""]",23,348,1919,1082,finite_pool_no_candidate,0.09884770005010068,489,
36,2-route,"[""V4-04"", ""V4-05""]",23,108,1115,22,finite_pool_no_candidate,0.0996134000015445,985,
37,2-route,"[""V4-04"", ""V4-10""]",23,108,1115,708,finite_pool_no_candidate,0.038141799974255264,299,
38,2-route,"[""V4-04"", ""V4-11""]",23,104,519,48,finite_pool_no_candidate,0.11242939997464418,367,
39,2-route,"[""V4-04"", ""V4-12""]",23,114,1115,917,finite_pool_no_candidate,0.05289320001611486,84,
40,2-route,"[""V4-04"", ""V4-13""]",23,108,1115,183,finite_pool_no_candidate,0.048430200025904924,824,
41,2-route,"[""V4-04"", ""V4-14""]",23,104,519,73,finite_pool_no_candidate,0.02535180002450943,342,
42,2-route,"[""V4-05"", ""V4-06""]",23,176,2098,828,finite_pool_no_candidate,0.1726420999621041,1094,
43,2-route,"[""V4-05"", ""V4-07""]",23,225,3784,32,finite_pool_no_candidate,0.1230443999520503,3527,
44,2-route,"[""V4-05"", ""V4-08""]",23,41,49,8,finite_pool_no_candidate,0.0707601000322029,,
45,2-route,"[""V4-05"", ""V4-09""]",23,100,1115,461,finite_pool_no_candidate,0.20844760001637042,554,
46,2-route,"[""V4-05"", ""V4-10""]",23,36,92,16,finite_pool_no_candidate,0.015995999972801656,40,
47,2-route,"[""V4-05"", ""V4-11""]",23,12,38,8,finite_pool_no_candidate,0.01489759999094531,18,
48,2-route,"[""V4-05"", ""V4-12""]",23,57,92,33,finite_pool_no_candidate,0.06150309997610748,2,
49,2-route,"[""V4-05"", ""V4-13""]",23,14,92,12,finite_pool_no_candidate,0.013305900036357343,66,
50,2-route,"[""V4-05"", ""V4-14""]",23,10,38,8,finite_pool_no_candidate,0.012013399973511696,20,
51,2-route,"[""V4-05"", ""V4-15""]",23,19,49,,finite_pool_no_candidate,0.3455660000327043,30,
52,2-route,"[""V4-05"", ""V4-17""]",23,49,49,,finite_pool_no_candidate,0.065490500011947,,
53,2-route,"[""V4-05"", ""V4-18""]",23,27,167,6,finite_pool_no_candidate,0.016281699994578958,134,
54,2-route,"[""V4-05"", ""V4-19""]",23,19,59,,finite_pool_no_candidate,0.01233269996009767,40,
55,2-route,"[""V4-05"", ""V4-20""]",23,19,49,1,finite_pool_no_candidate,0.014966499991714954,29,
56,2-route,"[""V4-05"", ""V4-21""]",23,41,167,17,finite_pool_no_candidate,0.015548700001090765,109,
57,2-route,"[""V4-05"", ""V4-22""]",23,49,49,,finite_pool_no_candidate,0.0906358000356704,,
58,2-route,"[""V4-05"", ""V4-23""]",23,28,49,17,finite_pool_no_candidate,0.047363300051074475,4,
59,2-route,"[""V4-06"", ""V4-10""]",23,176,2098,28,finite_pool_no_candidate,0.0853798000025563,1894,
60,2-route,"[""V4-06"", ""V4-12""]",23,172,2098,738,finite_pool_no_candidate,0.09625360002974048,1188,
61,2-route,"[""V4-06"", ""V4-13""]",23,176,2098,40,finite_pool_no_candidate,0.08835710003040731,1882,
62,2-route,"[""V4-06"", ""V4-14""]",23,168,984,26,finite_pool_no_candidate,0.04075030004605651,790,
63,2-route,"[""V4-07"", ""V4-10""]",23,225,3784,36,finite_pool_no_candidate,0.1108754999586381,3523,
64,2-route,"[""V4-07"", ""V4-11""]",23,217,1764,34,finite_pool_no_candidate,0.22237969998968765,1513,
65,2-route,"[""V4-07"", ""V4-12""]",23,221,3784,58,finite_pool_no_candidate,0.1301314000156708,3505,
66,2-route,"[""V4-07"", ""V4-13""]",23,237,3784,38,finite_pool_no_candidate,0.2969671000028029,3509,
67,2-route,"[""V4-07"", ""V4-14""]",23,217,1764,36,finite_pool_no_candidate,0.06341239996254444,1511,
68,2-route,"[""V4-08"", ""V4-10""]",23,29,49,20,finite_pool_no_candidate,0.07426760002272204,,
69,2-route,"[""V4-08"", ""V4-11""]",23,20,21,,finite_pool_no_candidate,0.18039980001049116,1,
70,2-route,"[""V4-08"", ""V4-12""]",23,29,49,20,finite_pool_no_candidate,0.06433690001722425,,
71,2-route,"[""V4-08"", ""V4-13""]",23,39,49,6,finite_pool_no_candidate,0.09487630001967773,4,
72,2-route,"[""V4-08"", ""V4-14""]",23,13,21,7,finite_pool_no_candidate,0.008965599990915507,1,
73,2-route,"[""V4-09"", ""V4-10""]",23,100,1115,231,finite_pool_no_candidate,0.20787649997510016,784,
74,2-route,"[""V4-09"", ""V4-11""]",23,120,519,363,finite_pool_no_candidate,0.06061689998023212,36,
75,2-route,"[""V4-09"", ""V4-12""]",23,110,1115,863,finite_pool_no_candidate,0.03541760001098737,142,
76,2-route,"[""V4-09"", ""V4-13""]",23,133,1115,821,finite_pool_no_candidate,0.07835929997963831,161,
77,2-route,"[""V4-09"", ""V4-14""]",23,96,519,358,finite_pool_no_candidate,0.028441900038160384,65,
78,2-route,"[""V4-10"", ""V4-11""]",23,10,38,8,finite_pool_no_candidate,0.004792499996256083,20,
79,2-route,"[""V4-10"", ""V4-12""]",23,59,92,33,finite_pool_no_candidate,0.051784200011752546,,
80,2-route,"[""V4-10"", ""V4-13""]",23,14,92,12,finite_pool_no_candidate,0.10404750000452623,66,
81,2-route,"[""V4-10"", ""V4-14""]",23,10,38,8,finite_pool_no_candidate,0.010469600034411997,20,
82,2-route,"[""V4-10"", ""V4-15""]",23,19,49,1,finite_pool_no_candidate,0.11475479998625815,29,
83,2-route,"[""V4-10"", ""V4-16""]",23,63,183,36,finite_pool_no_candidate,0.03361449996009469,84,
84,2-route,"[""V4-10"", ""V4-18""]",23,27,167,6,finite_pool_no_candidate,0.10739229997852817,134,
85,2-route,"[""V4-10"", ""V4-19""]",23,19,59,5,finite_pool_no_candidate,0.07493860000977293,35,
86,2-route,"[""V4-10"", ""V4-20""]",23,19,49,,finite_pool_no_candidate,0.011139200010802597,30,
87,2-route,"[""V4-10"", ""V4-21""]",23,37,167,18,finite_pool_no_candidate,0.014615699998103082,112,
88,2-route,"[""V4-10"", ""V4-22""]",23,24,49,15,finite_pool_no_candidate,0.007312799978535622,10,
89,2-route,"[""V4-10"", ""V4-23""]",23,29,49,19,finite_pool_no_candidate,0.14154699997743592,1,
90,2-route,"[""V4-11"", ""V4-12""]",23,16,38,5,finite_pool_no_candidate,0.015111699991393834,17,
91,2-route,"[""V4-11"", ""V4-13""]",23,18,38,10,finite_pool_no_candidate,0.018519499979447573,10,
92,2-route,"[""V4-11"", ""V4-14""]",23,12,18,4,finite_pool_no_candidate,0.01060829998459667,2,
93,2-route,"[""V4-11"", ""V4-15""]",23,11,21,1,finite_pool_no_candidate,0.1527440000209026,9,
94,2-route,"[""V4-11"", ""V4-16""]",23,37,79,14,finite_pool_no_candidate,0.01822829997399822,28,
95,2-route,"[""V4-11"", ""V4-17""]",23,11,21,3,finite_pool_no_candidate,0.010096799989696592,7,
96,2-route,"[""V4-11"", ""V4-18""]",23,19,69,8,finite_pool_no_candidate,0.14434399997116998,42,
97,2-route,"[""V4-11"", ""V4-19""]",23,11,23,2,finite_pool_no_candidate,0.010693600052036345,10,
98,2-route,"[""V4-11"", ""V4-21""]",23,41,47,6,finite_pool_no_candidate,0.09913310001138598,,
99,2-route,"[""V4-11"", ""V4-22""]",23,20,21,,finite_pool_no_candidate,0.2608339000144042,1,
100,2-route,"[""V4-11"", ""V4-23""]",23,20,21,,finite_pool_no_candidate,0.11357649997808039,1,
101,2-route,"[""V4-12"", ""V4-13""]",23,17,92,9,finite_pool_no_candidate,0.012794499984011054,66,
102,2-route,"[""V4-12"", ""V4-14""]",23,13,38,5,finite_pool_no_candidate,0.014553199987858534,20,
103,2-route,"[""V4-12"", ""V4-15""]",23,24,49,15,finite_pool_no_candidate,0.012912900012452155,10,
104,2-route,"[""V4-12"", ""V4-16""]",23,67,183,72,finite_pool_no_candidate,0.01753319997806102,44,
105,2-route,"[""V4-12"", ""V4-18""]",23,24,167,13,finite_pool_no_candidate,0.008017599990125746,130,
106,2-route,"[""V4-12"", ""V4-19""]",23,29,59,17,finite_pool_no_candidate,0.007486899965442717,13,
107,2-route,"[""V4-12"", ""V4-20""]",23,16,49,5,finite_pool_no_candidate,0.011884499981533736,28,
108,2-route,"[""V4-12"", ""V4-21""]",23,34,167,26,finite_pool_no_candidate,0.013671700027771294,107,
109,2-route,"[""V4-12"", ""V4-22""]",23,29,49,20,finite_pool_no_candidate,0.016585599980317056,,
110,2-route,"[""V4-12"", ""V4-23""]",23,29,49,20,finite_pool_no_candidate,0.21315900003537536,,
111,2-route,"[""V4-13"", ""V4-15""]",23,19,49,7,finite_pool_no_candidate,0.017084099992644042,23,
112,2-route,"[""V4-13"", ""V4-16""]",23,37,183,15,finite_pool_no_candidate,0.20320990000618622,131,
113,2-route,"[""V4-13"", ""V4-17""]",23,19,49,1,finite_pool_no_candidate,0.011223499954212457,29,
114,2-route,"[""V4-13"", ""V4-18""]",23,31,167,15,finite_pool_no_candidate,0.015182700008153915,121,
115,2-route,"[""V4-13"", ""V4-19""]",23,21,59,11,finite_pool_no_candidate,0.012400000006891787,27,
116,2-route,"[""V4-13"", ""V4-20""]",23,21,49,8,finite_pool_no_candidate,0.010860800044611096,20,
117,2-route,"[""V4-13"", ""V4-21""]",23,61,167,28,finite_pool_no_candidate,0.012305100040975958,78,
118,2-route,"[""V4-13"", ""V4-22""]",23,20,49,9,finite_pool_no_candidate,0.012382299988530576,20,
119,2-route,"[""V4-13"", ""V4-23""]",23,47,49,,finite_pool_no_candidate,0.09856900002341717,2,
120,2-route,"[""V4-14"", ""V4-15""]",23,11,21,3,finite_pool_no_candidate,0.01368559995898977,7,
121,2-route,"[""V4-14"", ""V4-16""]",23,29,79,8,finite_pool_no_candidate,0.012388799979817122,42,
122,2-route,"[""V4-14"", ""V4-17""]",23,11,21,,finite_pool_no_candidate,0.01128380000591278,10,
123,2-route,"[""V4-14"", ""V4-18""]",23,21,69,10,finite_pool_no_candidate,0.005871300003491342,38,
124,2-route,"[""V4-14"", ""V4-19""]",23,11,23,5,finite_pool_no_candidate,0.012726099987048656,7,
125,2-route,"[""V4-14"", ""V4-20""]",23,11,21,4,finite_pool_no_candidate,0.009849500027485192,6,
126,2-route,"[""V4-14"", ""V4-21""]",23,34,69,13,finite_pool_no_candidate,0.009498300030827522,22,
127,2-route,"[""V4-14"", ""V4-22""]",23,11,21,3,finite_pool_no_candidate,0.008337799983564764,7,
128,2-route,"[""V4-14"", ""V4-23""]",23,20,21,,finite_pool_no_candidate,0.053838000050745904,1,
129,3-route,"[""V4-10"", ""V4-01"", ""V4-08""]",23,41,117,28,finite_pool_no_candidate,0.01025549997575581,48,
130,3-route,"[""V4-10"", ""V4-01"", ""V4-15""]",23,39,117,1,finite_pool_no_candidate,0.15869050001492724,77,
131,3-route,"[""V4-10"", ""V4-01"", ""V4-16""]",23,72,371,43,finite_pool_no_candidate,0.022277100011706352,256,
132,3-route,"[""V4-10"", ""V4-01"", ""V4-17""]",23,47,117,10,finite_pool_no_candidate,0.058718200016301125,60,
133,3-route,"[""V4-10"", ""V4-01"", ""V4-18""]",23,48,310,23,finite_pool_no_candidate,0.12674750003498048,239,
134,3-route,"[""V4-10"", ""V4-01"", ""V4-19""]",23,43,161,5,finite_pool_no_candidate,0.0327075999812223,113,2
135,3-route,"[""V4-10"", ""V4-01"", ""V4-20""]",23,25,117,,finite_pool_no_candidate,0.008062699984293431,92,
136,3-route,"[""V4-10"", ""V4-01"", ""V4-21""]",23,53,351,21,finite_pool_no_candidate,0.04722130001755431,277,
137,3-route,"[""V4-10"", ""V4-01"", ""V4-22""]",23,31,117,19,finite_pool_no_candidate,0.012659900006838143,67,
138,3-route,"[""V4-10"", ""V4-01"", ""V4-23""]",23,49,117,19,finite_pool_no_candidate,0.1951023999718018,49,
139,3-route,"[""V4-10"", ""V4-08"", ""V4-15""]",23,49,117,21,finite_pool_no_candidate,0.22802939999382943,47,
140,3-route,"[""V4-10"", ""V4-08"", ""V4-16""]",23,128,371,107,finite_pool_no_candidate,0.2658389999996871,136,
141,3-route,"[""V4-10"", ""V4-08"", ""V4-17""]",23,71,117,41,finite_pool_no_candidate,0.12205599999288097,5,
142,3-route,"[""V4-10"", ""V4-08"", ""V4-18""]",23,50,351,43,finite_pool_no_candidate,0.06648329994641244,258,2
143,3-route,"[""V4-10"", ""V4-08"", ""V4-19""]",23,53,161,25,finite_pool_no_candidate,0.04594729997916147,83,
144,3-route,"[""V4-10"", ""V4-08"", ""V4-20""]",23,41,117,27,finite_pool_no_candidate,0.10174399998504668,49,
145,3-route,"[""V4-10"", ""V4-08"", ""V4-21""]",23,83,351,82,finite_pool_no_candidate,0.15157500002533197,186,
146,3-route,"[""V4-10"", ""V4-08"", ""V4-22""]",23,54,117,39,finite_pool_no_candidate,0.06331529997987673,24,
147,3-route,"[""V4-10"", ""V4-08"", ""V4-23""]",23,59,117,48,finite_pool_no_candidate,0.10311869997531176,10,
148,3-route,"[""V4-10"", ""V4-15"", ""V4-16""]",23,77,371,49,finite_pool_no_candidate,0.03865960001712665,245,
149,3-route,"[""V4-10"", ""V4-15"", ""V4-17""]",23,51,117,15,finite_pool_no_candidate,0.04950830002781004,51,
150,3-route,"[""V4-11"", ""V4-06"", ""V4-20""]",23,239,3807,1367,finite_pool_no_candidate,0.3021176000474952,2201,
151,3-route,"[""V4-11"", ""V4-09"", ""V4-20""]",23,185,2018,1464,finite_pool_no_candidate,0.10733580001397058,369,
152,3-route,"[""V4-11"", ""V4-06"", ""V4-22""]",23,404,7797,1739,finite_pool_no_candidate,0.6171997000346892,5654,
153,3-route,"[""V4-11"", ""V4-09"", ""V4-22""]",23,204,4132,1449,finite_pool_no_candidate,0.15394479996757582,2479,
154,3-route,"[""V4-11"", ""V4-09"", ""V4-13""]",23,214,8915,1612,finite_pool_no_candidate,0.2946218000142835,7089,
155,3-route,"[""V4-11"", ""V4-09"", ""V4-14""]",23,154,4167,895,finite_pool_no_candidate,0.1874932000064291,3118,
156,3-route,"[""V4-14"", ""V4-09"", ""V4-20""]",23,132,4132,895,finite_pool_no_candidate,0.11339750001206994,3105,
157,3-route,"[""V4-14"", ""V4-09"", ""V4-01""]",23,135,4132,845,finite_pool_no_candidate,0.12270519998855889,3152,
158,3-route,"[""V4-11"", ""V4-06"", ""V4-13""]",23,229,16816,493,finite_pool_no_candidate,0.4807538000168279,16094,
159,3-route,"[""V4-11"", ""V4-06"", ""V4-14""]",23,210,7884,467,finite_pool_no_candidate,0.2593168999883346,7207,
160,3-route,"[""V4-14"", ""V4-06"", ""V4-13""]",23,228,7549,32,finite_pool_no_candidate,0.38141600001836196,7289,
161,3-route,"[""V4-14"", ""V4-06"", ""V4-20""]",23,217,7797,455,finite_pool_no_candidate,0.45402339997235686,7125,
162,3-route,"[""V4-11"", ""V4-02"", ""V4-08""]",23,189,904,529,finite_pool_no_candidate,0.4430568999960087,186,
163,3-route,"[""V4-11"", ""V4-02"", ""V4-20""]",23,107,996,701,finite_pool_no_candidate,0.09124790003988892,188,
164,3-route,"[""V4-11"", ""V4-02"", ""V4-22""]",23,115,2006,985,finite_pool_no_candidate,0.11140360002173111,906,
165,3-route,"[""V4-11"", ""V4-03"", ""V4-08""]",23,1205,6632,3865,finite_pool_no_candidate,6.527597500011325,1562,
166,3-route,"[""V4-11"", ""V4-03"", ""V4-20""]",23,461,7414,5239,finite_pool_no_candidate,0.3392823999747634,1714,
167,3-route,"[""V4-11"", ""V4-03"", ""V4-22""]",23,507,15188,7275,finite_pool_no_candidate,0.6680419000331312,7406,
168,3-route,"[""V4-11"", ""V4-06"", ""V4-08""]",23,404,7797,2120,finite_pool_no_candidate,0.32233480003196746,5273,
169,3-route,"[""V4-11"", ""V4-09"", ""V4-08""]",23,204,4132,2122,finite_pool_no_candidate,0.2504171999753453,1806,
170,3-route,"[""V4-14"", ""V4-06"", ""V4-22""]",23,387,7797,596,finite_pool_no_candidate,0.3539157000486739,6814,
171,3-route,"[""V4-14"", ""V4-09"", ""V4-22""]",23,171,4132,777,finite_pool_no_candidate,0.18414150003809482,3184,
172,3-route,"[""V4-10"", ""V4-02"", ""V4-08""]",23,200,1878,1520,finite_pool_no_candidate,0.2821688000112772,158,
173,3-route,"[""V4-10"", ""V4-02"", ""V4-12""]",23,240,9191,5640,finite_pool_no_candidate,0.28614209999796003,3311,
174,3-route,"[""V4-10"", ""V4-02"", ""V4-17""]",23,138,4256,2435,finite_pool_no_candidate,0.16819709999253973,1683,
175,3-route,"[""V4-10"", ""V4-03"", ""V4-08""]",23,1253,13878,11067,solver_limit_no_candidate,8.393412200035527,1558,
176,3-route,"[""V4-10"", ""V4-03"", ""V4-12""]",23,994,70219,41873,finite_pool_no_candidate,2.1380804000073113,27352,
177,3-route,"[""V4-10"", ""V4-03"", ""V4-17""]",23,575,32502,17755,finite_pool_no_candidate,1.018428599985782,14172,
178,3-route,"[""V4-11"", ""V4-02"", ""V4-05""]",23,117,4339,576,finite_pool_no_candidate,0.15729990002000704,3646,
179,3-route,"[""V4-11"", ""V4-03"", ""V4-05""]",23,560,32945,4339,finite_pool_no_candidate,1.0607270000036806,28046,
180,3-route,"[""V4-11"", ""V4-06"", ""V4-05""]",23,272,16816,1195,finite_pool_no_candidate,0.5277691000374034,15349,
181,3-route,"[""V4-14"", ""V4-09"", ""V4-23""]",23,180,4132,1945,finite_pool_no_candidate,0.2231424999772571,2007,
182,3-route,"[""V4-11"", ""V4-02"", ""V4-21""]",23,172,3824,1987,finite_pool_no_candidate,0.1869674000190571,1665,
183,3-route,"[""V4-11"", ""V4-02"", ""V4-23""]",23,118,2006,971,finite_pool_no_candidate,0.10103259998140857,917,
184,3-route,"[""V4-11"", ""V4-03"", ""V4-21""]",23,710,29548,14566,finite_pool_no_candidate,0.9633485999656841,14272,
185,3-route,"[""V4-11"", ""V4-03"", ""V4-23""]",23,539,15188,6988,finite_pool_no_candidate,0.494439699978102,7661,
186,3-route,"[""V4-11"", ""V4-09"", ""V4-21""]",23,315,7916,4393,finite_pool_no_candidate,0.33310679998248816,3208,
187,3-route,"[""V4-11"", ""V4-09"", ""V4-23""]",23,204,4132,2171,finite_pool_no_candidate,0.20895299996482208,1757,
188,3-route,"[""V4-14"", ""V4-09"", ""V4-21""]",23,256,6993,2471,finite_pool_no_candidate,0.20967389998259023,4266,
189,3-route,"[""V4-10"", ""V4-02"", ""V4-05""]",23,173,9191,1162,finite_pool_no_candidate,0.31263050000416115,7856,
190,3-route,"[""V4-10"", ""V4-03"", ""V4-05""]",23,758,70219,8057,finite_pool_no_candidate,2.170585799962282,61404,
191,3-route,"[""V4-11"", ""V4-09"", ""V4-05""]",23,178,8915,767,finite_pool_no_candidate,0.3154352999990806,7970,
192,3-route,"[""V4-11"", ""V4-02"", ""V4-01""]",23,106,2006,340,finite_pool_no_candidate,0.09491050004726276,1560,
193,3-route,"[""V4-11"", ""V4-03"", ""V4-01""]",23,459,15188,2659,finite_pool_no_candidate,0.5515950000262819,12070,
194,3-route,"[""V4-11"", ""V4-09"", ""V4-01""]",23,159,4132,738,finite_pool_no_candidate,0.18361209996510297,3235,
195,3-route,"[""V4-11"", ""V4-06"", ""V4-21""]",23,366,15041,3213,finite_pool_no_candidate,1.473400800023228,11462,
196,3-route,"[""V4-11"", ""V4-06"", ""V4-23""]",23,274,7797,1661,finite_pool_no_candidate,0.3259739999775775,5862,
197,3-route,"[""V4-14"", ""V4-06"", ""V4-21""]",23,335,13254,1315,finite_pool_no_candidate,0.4676208000164479,11604,
198,3-route,"[""V4-14"", ""V4-06"", ""V4-23""]",23,266,7797,661,finite_pool_no_candidate,0.34822019998682663,6870,
199,3-route,"[""V4-14"", ""V4-09"", ""V4-15""]",23,135,4132,791,finite_pool_no_candidate,0.11055379995377734,3206,
200,3-route,"[""V4-14"", ""V4-09"", ""V4-19""]",23,149,4286,840,finite_pool_no_candidate,0.1256959000020288,3297,
201,3-route,"[""V4-11"", ""V4-02"", ""V4-13""]",23,115,4339,713,finite_pool_no_candidate,0.15832590003265068,3511,
202,3-route,"[""V4-11"", ""V4-02"", ""V4-14""]",23,95,1995,391,finite_pool_no_candidate,0.21513710002182052,1509,
203,3-route,"[""V4-11"", ""V4-03"", ""V4-13""]",23,556,32945,4862,finite_pool_no_candidate,1.0855239999946207,27527,
204,3-route,"[""V4-11"", ""V4-03"", ""V4-14""]",23,435,15405,2819,finite_pool_no_candidate,0.634828100039158,12151,
205,3-route,"[""V4-14"", ""V4-02"", ""V4-01""]",23,70,2006,377,finite_pool_no_candidate,0.05795889999717474,1559,
206,3-route,"[""V4-14"", ""V4-02"", ""V4-08""]",23,166,904,452,finite_pool_no_candidate,1.123725600016769,286,
207,3-route,"[""V4-14"", ""V4-02"", ""V4-13""]",23,114,1968,1102,finite_pool_no_candidate,0.2079039000091143,752,
208,3-route,"[""V4-14"", ""V4-02"", ""V4-15""]",23,90,2006,355,finite_pool_no_candidate,0.10029970004688948,1561,
209,3-route,"[""V4-14"", ""V4-02"", ""V4-19""]",23,92,2078,365,finite_pool_no_candidate,0.11191899998812005,1621,
210,3-route,"[""V4-14"", ""V4-02"", ""V4-20""]",23,70,2006,407,finite_pool_no_candidate,0.05429800000274554,1529,
211,3-route,"[""V4-14"", ""V4-02"", ""V4-21""]",23,133,3437,1098,finite_pool_no_candidate,0.09499979997053742,2206,
212,3-route,"[""V4-14"", ""V4-02"", ""V4-22""]",23,90,2006,421,finite_pool_no_candidate,0.09453459997894242,1495,
213,3-route,"[""V4-14"", ""V4-02"", ""V4-23""]",23,102,2006,689,finite_pool_no_candidate,0.11703980003949255,1215,
214,3-route,"[""V4-14"", ""V4-03"", ""V4-01""]",23,398,15188,2585,finite_pool_no_candidate,0.48823700001230463,12205,
215,3-route,"[""V4-14"", ""V4-03"", ""V4-08""]",23,1169,6632,3085,finite_pool_no_candidate,5.977293499978259,2378,
216,3-route,"[""V4-14"", ""V4-03"", ""V4-13""]",23,556,14766,7804,finite_pool_no_candidate,0.5276951999985613,6406,
217,3-route,"[""V4-14"", ""V4-03"", ""V4-15""]",23,468,15188,2564,finite_pool_no_candidate,0.6269533000304364,12156,
218,3-route,"[""V4-14"", ""V4-03"", ""V4-19""]",23,534,16004,2619,finite_pool_no_candidate,0.8583368000108749,12851,
219,3-route,"[""V4-14"", ""V4-03"", ""V4-20""]",23,398,15188,2753,finite_pool_no_candidate,0.4590079000336118,12037,
220,3-route,"[""V4-14"", ""V4-03"", ""V4-21""]",23,631,26025,7628,finite_pool_no_candidate,0.7576751000015065,17766,
221,3-route,"[""V4-14"", ""V4-03"", ""V4-22""]",23,469,15188,3023,finite_pool_no_candidate,0.5692433000076562,11696,
222,3-route,"[""V4-14"", ""V4-03"", ""V4-23""]",23,510,15188,4836,finite_pool_no_candidate,0.6132106999866664,9842,
223,3-route,"[""V4-14"", ""V4-06"", ""V4-08""]",23,389,7797,615,finite_pool_no_candidate,0.7671626000083052,6793,
224,3-route,"[""V4-14"", ""V4-09"", ""V4-08""]",23,173,4132,1624,finite_pool_no_candidate,0.22240269999019802,2335,
225,3-route,"[""V4-11"", ""V4-02"", ""V4-16""]",23,194,2886,1271,finite_pool_no_candidate,0.14207079994957894,1421,
226,3-route,"[""V4-11"", ""V4-02"", ""V4-17""]",23,106,2006,396,finite_pool_no_candidate,0.1152136999880895,1504,
227,3-route,"[""V4-11"", ""V4-03"", ""V4-16""]",23,783,21758,9255,finite_pool_no_candidate,0.8494571000337601,11720,
228,3-route,"[""V4-11"", ""V4-03"", ""V4-17""]",23,498,15188,2935,finite_pool_no_candidate,0.6052599999820814,11755,
229,3-route,"[""V4-11"", ""V4-06"", ""V4-16""]",23,588,13179,2905,finite_pool_no_candidate,0.47816430003149435,9686,
230,3-route,"[""V4-11"", ""V4-06"", ""V4-17""]",23,250,7797,1021,finite_pool_no_candidate,0.2816370999789797,6526,
231,3-route,"[""V4-11"", ""V4-09"", ""V4-16""]",23,308,5844,1941,finite_pool_no_candidate,0.2600706999655813,3595,
232,3-route,"[""V4-11"", ""V4-09"", ""V4-17""]",23,195,4132,770,finite_pool_no_candidate,0.20611169998301193,3167,
233,3-route,"[""V4-14"", ""V4-07"", ""V4-01""]",23,572,6461,569,finite_pool_no_candidate,0.5186561999726109,5320,
234,3-route,"[""V4-14"", ""V4-07"", ""V4-13""]",23,277,13895,63,finite_pool_no_candidate,0.9756476999609731,13555,
235,3-route,"[""V4-14"", ""V4-07"", ""V4-15""]",23,947,8420,69,finite_pool_no_candidate,4.525143300008494,7404,204
236,3-route,"[""V4-14"", ""V4-07"", ""V4-18""]",23,1174,12753,986,finite_pool_no_candidate,2.627132599998731,10593,
237,3-route,"[""V4-14"", ""V4-07"", ""V4-19""]",23,973,8675,95,finite_pool_no_candidate,1.194928599987179,7607,342
238,3-route,"[""V4-14"", ""V4-07"", ""V4-23""]",23,619,6461,662,finite_pool_no_candidate,1.613776400045026,5180,
239,3-route,"[""V4-10"", ""V4-02"", ""V4-22""]",23,121,4256,1128,finite_pool_no_candidate,0.17195430002175272,3007,
240,3-route,"[""V4-10"", ""V4-03"", ""V4-22""]",23,548,32502,7998,finite_pool_no_candidate,1.0658725999528542,23956,
241,3-route,"[""V4-14"", ""V4-09"", ""V4-18""]",23,151,6993,784,finite_pool_no_candidate,0.26882860000478104,6058,
242,3-route,"[""V4-11"", ""V4-02"", ""V4-15""]",23,106,2006,351,finite_pool_no_candidate,0.09675550000974908,1549,
243,3-route,"[""V4-11"", ""V4-02"", ""V4-19""]",23,108,2078,358,finite_pool_no_candidate,0.08528090000618249,1612,
244,3-route,"[""V4-11"", ""V4-03"", ""V4-15""]",23,497,15188,2743,finite_pool_no_candidate,0.5847414000309072,11948,
245,3-route,"[""V4-11"", ""V4-03"", ""V4-19""]",23,563,16004,2776,finite_pool_no_candidate,0.7373806000105105,12665,
246,3-route,"[""V4-11"", ""V4-09"", ""V4-15""]",23,159,4132,754,finite_pool_no_candidate,0.1807363000116311,3219,
247,3-route,"[""V4-11"", ""V4-09"", ""V4-19""]",23,173,4286,784,finite_pool_no_candidate,0.2180000999942422,3329,
248,3-route,"[""V4-10"", ""V4-02"", ""V4-23""]",23,129,4256,1856,finite_pool_no_candidate,0.1439445999567397,2271,
249,3-route,"[""V4-10"", ""V4-03"", ""V4-23""]",23,579,32502,13215,finite_pool_no_candidate,1.0866375000332482,18708,
250,3-route,"[""V4-11"", ""V4-06"", ""V4-01""]",23,207,7797,449,finite_pool_no_candidate,0.3024808000191115,7141,
251,3-route,"[""V4-14"", ""V4-06"", ""V4-01""]",23,199,7797,22,finite_pool_no_candidate,0.28061600000364706,7576,
252,3-route,"[""V4-11"", ""V4-02"", ""V4-12""]",23,121,4339,622,finite_pool_no_candidate,0.16102860000682995,3596,
253,3-route,"[""V4-11"", ""V4-03"", ""V4-12""]",23,570,32945,4829,finite_pool_no_candidate,1.0786058999947272,27546,
254,3-route,"[""V4-11"", ""V4-06"", ""V4-12""]",23,277,16816,1099,finite_pool_no_candidate,0.4767895999830216,15440,
255,3-route,"[""V4-11"", ""V4-09"", ""V4-12""]",23,219,8915,1141,finite_pool_no_candidate,0.3066020999685861,7555,
256,3-route,"[""V4-10"", ""V4-02"", ""V4-16""]",23,238,5638,2236,finite_pool_no_candidate,0.2045728000230156,3164,
257,3-route,"[""V4-10"", ""V4-03"", ""V4-16""]",23,881,41326,16148,finite_pool_no_candidate,1.386201000015717,24297,
258,3-route,"[""V4-10"", ""V4-06"", ""V4-05""]",23,276,36122,851,finite_pool_no_candidate,1.0294143999926746,34995,
259,3-route,"[""V4-10"", ""V4-06"", ""V4-08""]",23,409,16707,650,finite_pool_no_candidate,1.3122686000424437,15648,
260,3-route,"[""V4-10"", ""V4-06"", ""V4-12""]",23,300,36122,796,finite_pool_no_candidate,1.1057064000051469,35026,
261,3-route,"[""V4-10"", ""V4-06"", ""V4-16""]",23,590,26491,1623,finite_pool_no_candidate,1.853304099990055,24278,
262,3-route,"[""V4-10"", ""V4-06"", ""V4-17""]",23,251,16707,623,finite_pool_no_candidate,0.5324156999704428,15833,
263,3-route,"[""V4-10"", ""V4-06"", ""V4-22""]",23,404,16707,634,finite_pool_no_candidate,1.1619359000469558,15669,
264,3-route,"[""V4-10"", ""V4-06"", ""V4-23""]",23,264,16707,717,finite_pool_no_candidate,0.5361179000465199,15726,
265,3-route,"[""V4-14"", ""V4-02"", ""V4-18""]",23,88,3437,491,finite_pool_no_candidate,0.09742419997928664,2858,26
266,3-route,"[""V4-14"", ""V4-03"", ""V4-18""]",23,453,26025,3311,finite_pool_no_candidate,0.8235265999683179,22261,1007
267,3-route,"[""V4-14"", ""V4-07"", ""V4-08""]",23,298,6461,317,finite_pool_no_candidate,0.2561530999955721,5846,73
268,3-route,"[""V4-14"", ""V4-02"", ""V4-05""]",23,115,4339,552,finite_pool_no_candidate,0.16856379999080673,3672,
269,3-route,"[""V4-14"", ""V4-03"", ""V4-05""]",23,554,32945,4121,finite_pool_no_candidate,1.0282053999835625,28270,
270,3-route,"[""V4-14"", ""V4-06"", ""V4-05""]",23,248,16816,768,finite_pool_no_candidate,0.5792708999942988,15800,
271,3-route,"[""V4-14"", ""V4-09"", ""V4-05""]",23,173,8915,741,finite_pool_no_candidate,0.28820419998373836,8001,
272,3-route,"[""V4-10"", ""V4-09"", ""V4-05""]",23,203,19195,689,finite_pool_no_candidate,0.5397258999873884,18303,
273,3-route,"[""V4-10"", ""V4-09"", ""V4-08""]",23,183,8852,733,finite_pool_no_candidate,0.3007499999948777,7936,
274,3-route,"[""V4-10"", ""V4-09"", ""V4-12""]",23,280,19195,1305,finite_pool_no_candidate,0.6045289000030607,17610,
275,3-route,"[""V4-10"", ""V4-09"", ""V4-16""]",23,291,11264,1289,finite_pool_no_candidate,0.3925595000036992,9684,
276,3-route,"[""V4-10"", ""V4-09"", ""V4-17""]",23,195,8852,667,finite_pool_no_candidate,0.3367504000198096,7990,
277,3-route,"[""V4-10"", ""V4-09"", ""V4-22""]",23,178,8852,649,finite_pool_no_candidate,0.33025449997512624,8025,
278,3-route,"[""V4-10"", ""V4-09"", ""V4-23""]",23,183,8852,725,finite_pool_no_candidate,0.3299591999966651,7944,
279,3-route,"[""V4-14"", ""V4-02"", ""V4-16""]",23,160,2886,823,finite_pool_no_candidate,0.1230566999875009,1903,
280,3-route,"[""V4-14"", ""V4-02"", ""V4-17""]",23,90,2006,341,finite_pool_no_candidate,0.09409529995173216,1575,
281,3-route,"[""V4-14"", ""V4-03"", ""V4-16""]",23,714,21758,6056,finite_pool_no_candidate,0.8647303000325337,14988,
282,3-route,"[""V4-14"", ""V4-03"", ""V4-17""]",23,469,15188,2562,finite_pool_no_candidate,0.5936119999969378,12157,
283,3-route,"[""V4-14"", ""V4-06"", ""V4-16""]",23,566,13179,1546,finite_pool_no_candidate,0.5012375999940559,11067,
284,3-route,"[""V4-14"", ""V4-06"", ""V4-17""]",23,242,7797,550,finite_pool_no_candidate,0.3106535999686457,7005,
285,3-route,"[""V4-14"", ""V4-09"", ""V4-16""]",23,263,5844,1335,finite_pool_no_candidate,0.23614459997043014,4246,
286,3-route,"[""V4-14"", ""V4-09"", ""V4-17""]",23,171,4132,697,finite_pool_no_candidate,0.21757939999224618,3264,
287,3-route,"[""V4-14"", ""V4-04"", ""V4-01""]",23,150,4132,470,finite_pool_no_candidate,0.2063077000202611,3512,
288,3-route,"[""V4-14"", ""V4-04"", ""V4-08""]",23,167,4132,472,finite_pool_no_candidate,0.2318008000147529,3493,
289,3-route,"[""V4-14"", ""V4-04"", ""V4-13""]",23,159,4004,307,finite_pool_no_candidate,0.346064799989108,3538,
290,3-route,"[""V4-14"", ""V4-04"", ""V4-15""]",23,162,4132,466,finite_pool_no_candidate,0.18763939995551482,3504,
291,3-route,"[""V4-14"", ""V4-04"", ""V4-17""]",23,165,4132,415,finite_pool_no_candidate,0.1956423000083305,3552,
292,3-route,"[""V4-14"", ""V4-04"", ""V4-18""]",23,206,6993,1161,finite_pool_no_candidate,0.22494679997907951,5626,286
293,3-route,"[""V4-14"", ""V4-04"", ""V4-19""]",23,186,4286,473,finite_pool_no_candidate,0.2239019999979064,3627,
294,3-route,"[""V4-14"", ""V4-04"", ""V4-22""]",23,153,4132,418,finite_pool_no_candidate,0.17516719998093322,3561,
295,3-route,"[""V4-14"", ""V4-04"", ""V4-23""]",23,174,4132,475,finite_pool_no_candidate,0.16216910001821816,3483,
296,3-route,"[""V4-11"", ""V4-06"", ""V4-15""]",23,207,7797,452,finite_pool_no_candidate,0.21496720000868663,7138,
297,3-route,"[""V4-11"", ""V4-06"", ""V4-19""]",23,207,8141,465,finite_pool_no_candidate,0.34867610002402216,7469,10
298,3-route,"[""V4-14"", ""V4-06"", ""V4-15""]",23,199,7797,23,finite_pool_no_candidate,0.3545340999844484,7575,
299,3-route,"[""V4-14"", ""V4-06"", ""V4-19""]",23,199,8141,35,finite_pool_no_candidate,0.38545519998297095,7907,
300,3-route,"[""V4-11"", ""V4-02"", ""V4-18""]",23,112,3437,453,finite_pool_no_candidate,0.1638886999571696,2872,179
301,3-route,"[""V4-11"", ""V4-03"", ""V4-18""]",23,496,26025,3297,finite_pool_no_candidate,0.9118710000184365,22232,2297
302,3-route,"[""V4-11"", ""V4-07"", ""V4-01""]",23,564,6461,557,finite_pool_no_candidate,1.6545173999620602,5340,
303,3-route,"[""V4-11"", ""V4-07"", ""V4-08""]",23,305,6461,307,finite_pool_no_candidate,0.3281870000064373,5849,275
304,3-route,"[""V4-11"", ""V4-07"", ""V4-13""]",23,292,12530,42,finite_pool_no_candidate,0.7995021000388078,12196,
305,3-route,"[""V4-11"", ""V4-07"", ""V4-14""]",23,261,6448,28,finite_pool_no_candidate,1.1726512999739498,6159,
306,3-route,"[""V4-11"", ""V4-07"", ""V4-15""]",23,947,8420,48,finite_pool_no_candidate,2.3495381000102498,7425,539
307,3-route,"[""V4-11"", ""V4-07"", ""V4-18""]",23,1168,12753,980,finite_pool_no_candidate,2.724597399996128,10605,
308,3-route,"[""V4-11"", ""V4-07"", ""V4-19""]",23,973,8675,74,finite_pool_no_candidate,2.1597493999870494,7628,873
309,3-route,"[""V4-11"", ""V4-07"", ""V4-20""]",23,256,7095,26,finite_pool_no_candidate,1.490245099994354,6813,
310,3-route,"[""V4-11"", ""V4-07"", ""V4-21""]",23,454,13371,295,finite_pool_no_candidate,1.7617801000014879,12622,
311,3-route,"[""V4-11"", ""V4-07"", ""V4-23""]",23,619,6461,649,finite_pool_no_candidate,4.153450399986468,5193,
312,3-route,"[""V4-11"", ""V4-09"", ""V4-18""]",23,173,6993,685,finite_pool_no_candidate,0.509709500009194,6135,
313,3-route,"[""V4-14"", ""V4-07"", ""V4-20""]",23,258,6461,30,finite_pool_no_candidate,1.4421984000364318,6173,
314,3-route,"[""V4-14"", ""V4-07"", ""V4-21""]",23,438,9624,334,finite_pool_no_candidate,1.7188123000087216,8852,
315,3-route,"[""V4-10"", ""V4-04"", ""V4-08""]",23,213,8852,1146,finite_pool_no_candidate,0.6995830000378191,7493,
316,3-route,"[""V4-10"", ""V4-04"", ""V4-12""]",23,372,19195,3275,finite_pool_no_candidate,1.0958576999837533,15548,
317,3-route,"[""V4-10"", ""V4-04"", ""V4-17""]",23,225,8852,1077,finite_pool_no_candidate,0.5765873999916948,7550,
318,3-route,"[""V4-10"", ""V4-04"", ""V4-22""]",23,196,8852,1059,finite_pool_no_candidate,0.4872167000430636,7597,
319,3-route,"[""V4-10"", ""V4-04"", ""V4-23""]",23,213,8852,1150,finite_pool_no_candidate,0.5846392000094056,7489,
320,3-route,"[""V4-11"", ""V4-04"", ""V4-01""]",23,150,4132,431,finite_pool_no_candidate,0.30409639998106286,3551,
321,3-route,"[""V4-11"", ""V4-04"", ""V4-08""]",23,174,4132,441,finite_pool_no_candidate,0.3313031999859959,3517,
322,3-route,"[""V4-11"", ""V4-04"", ""V4-12""]",23,206,8915,881,finite_pool_no_candidate,0.5509706999873742,7828,
323,3-route,"[""V4-11"", ""V4-04"", ""V4-13""]",23,157,8915,230,finite_pool_no_candidate,0.4384796000085771,8528,
324,3-route,"[""V4-11"", ""V4-04"", ""V4-14""]",23,130,4167,120,finite_pool_no_candidate,0.5134959999704733,3917,
325,3-route,"[""V4-11"", ""V4-04"", ""V4-15""]",23,162,4132,429,finite_pool_no_candidate,0.31437279999954626,3541,
326,3-route,"[""V4-11"", ""V4-04"", ""V4-17""]",23,165,4132,407,finite_pool_no_candidate,0.9285597000271082,3560,
327,3-route,"[""V4-11"", ""V4-04"", ""V4-18""]",23,204,6993,1132,finite_pool_no_candidate,0.48046930000418797,5657,461
328,3-route,"[""V4-11"", ""V4-04"", ""V4-19""]",23,186,4286,435,finite_pool_no_candidate,0.3206032000016421,3665,
329,3-route,"[""V4-11"", ""V4-04"", ""V4-20""]",23,117,2018,105,finite_pool_no_candidate,0.23921909998171031,1796,
