flight_id,route,target_type,feasible,failures,new_duration_s,new_energy_kwh,average_work_lower_bound_s
V4-05,"[""S012""]",A,False,"[""volume""]",,,
V4-05,"[""S012""]",C,True,[],2040.5906823683936,4.922006790731538,6700.539016410858
V4-10,"[""S014""]",A,False,"[""volume""]",,,
V4-10,"[""S014""]",C,True,[],2035.2888789466479,3.738774296604978,6697.888114699985
V4-11,"[""S004""]",A,False,"[""volume""]",,,
V4-11,"[""S004""]",C,True,[],2037.0566924832005,5.055815024674072,6698.772021468261
V4-12,"[""S010""]",A,False,"[""volume""]",,,
V4-12,"[""S010""]",C,True,[],1668.7084110460207,3.2299952619555445,6514.597880749671
V4-13,"[""S008""]",A,False,"[""volume""]",,,
V4-13,"[""S008""]",C,True,[],2067.7012130854146,5.3448837431093965,6714.0942817693685
V4-14,"[""S008""]",A,False,"[""volume""]",,,
V4-14,"[""S008""]",C,True,[],2001.7012130854143,5.2615227846302,6681.0942817693685
