flight_id,type,route,aircraft,battery,start_s,takeoff_s,return_s,duration_s,prep_load_s,flight_s,handover_s,payload_kg,volume_m3,energy_kwh,return_soc,earliest_expected_s,min_hard_slack_s,min_zero_lateness_slack_s
V4-08,A,"[""S001""]",U01,A-BAT01,0.0,360.0,1250.899502077302,1250.899502077302,360,680.899502077302,210.0,22,0.055,1.2823460485526663,0.7150342114327408,3600,2691.4269156280156,2691.4269156280156
V4-17,A,"[""S013""]",U02,A-BAT02,0.0,360.0,1612.113737676263,1612.113737676263,360,1042.113737676263,210.0,22,0.055,2.025445644148618,0.5499009679669737,3600,2516.4097978285354,2516.4097978285354
V4-15,A,"[""S007""]",U03,A-BAT03,0.0,360.0,1727.4240845407844,1727.4240845407844,360,1157.4240845407844,210.0,22,0.055,1.970922394846492,0.5620172455896684,3600,2458.6479577296077,2458.6479577296077
V4-21,A,"[""S011"", ""S004""]",U04,A-BAT04,0.0,390.0,2464.077990062212,2464.077990062212,390,1684.0779900622117,390.0,20,0.051,3.2252546434280376,0.2832767459048805,7200,5543.675435954714,5543.675435954714
V4-16,A,"[""S009"", ""S002"", ""S013""]",U01,A-BAT05,1250.899502077302,1640.899502077302,3926.4274778074787,2675.527975730177,390,1745.5279757301773,540.0,20,0.051,3.3898979134810308,0.24668935255977098,3600,202.09605769731934,202.0960576973191
V4-19,A,"[""S007""]",U02,A-BAT06,1612.113737676263,1972.113737676263,3339.5378222170475,1727.4240845407844,360,1157.4240845407844,210.0,17,0.039,1.9053430084223224,0.5765904425728172,3600,846.5342200533446,846.5342200533446
V4-20,A,"[""S004""]",U03,A-BAT01,2121.3550272147386,2481.3550272147386,4300.155212581923,2178.800185367184,360,1608.800185367184,210.0,22,0.055,3.1911204497526215,0.2908621222771952,7200,,3707.5982134350033
V4-18,A,"[""S003"", ""S015""]",U04,A-BAT02,2697.242479319197,3087.242479319197,5300.574925426126,2603.332446106929,390,1823.3324461069292,390.0,20,0.051,3.2972189227836624,0.2672846838258528,7200,2610.279776147671,2610.27977614767
V4-01,A,"[""S015""]",U02,A-BAT03,3339.5378222170475,3699.5378222170475,5308.127225364641,1968.5894031475937,360,1398.5894031475937,210.0,22,0.055,2.557694473533907,0.4316234503257985,10800,6202.727476209156,6202.727476209155
V4-22,A,"[""S009""]",U01,A-BAT04,3926.4274778074787,4286.427477807479,5615.040709638748,1688.6132318312698,360,1118.6132318312698,210.0,22,0.055,2.3313164072530776,0.48192968727709384,10800,5747.675906276887,5747.675906276886
V4-23,A,"[""S011""]",U03,A-BAT06,4389.970246872384,4749.970246872384,5611.993193530146,1222.0229466577612,360,652.022946657761,210.0,22,0.055,1.1912986184997079,0.7352669736667317,10800,5516.831613132068,5516.831613132068
V4-05,B,"[""S012""]",U05,B-BAT01,0.0,390.0,1922.7403507440445,1922.7403507440445,390,1292.7403507440445,240.0,25,0.067,2.752414298801364,0.311896425299659,3600,2328.6998246279777,2328.6998246279777
V4-10,B,"[""S014""]",U06,B-BAT02,0.0,390.0,1869.7564163815437,1869.7564163815437,390,1239.7564163815437,240.0,25,0.067,2.1403884821074026,0.46490287947314934,3600,2357.5651251425616,2357.5651251425616
V4-11,B,"[""S004""]",U06,B-BAT03,1869.7564163815437,2229.7564163815437,3791.4000534448223,1921.6436370632784,360,1351.6436370632784,210.0,20,0.062,2.6683684978530016,0.3329078755367496,7200,4087.7750984201502,4087.7750984201507
V4-12,B,"[""S010""]",U05,B-BAT04,1922.7403507440445,2312.7403507440445,3478.1199165752214,1555.379565831177,390,925.3795658311769,240.0,25,0.067,1.8231956980898132,0.5442010754775467,3600,592.0331996737004,592.0331996737004
V4-13,B,"[""S008""]",U05,B-BAT02,3478.1199165752214,3868.1199165752214,5439.9513522355055,1961.8314356602841,390,1331.8314356602841,240.0,25,0.067,2.9752165263680417,0.2561958684079896,7200,2430.73769892797,2430.73769892797
V4-14,B,"[""S008""]",U06,B-BAT01,3791.4000534448223,4151.400053444822,5693.231489105106,1901.8314356602841,360,1331.8314356602841,210.0,20,0.062,2.7634412552649943,0.3091396861837514,7200,,2177.457562058369
V4-02,C,"[""S001""]",U07,C-BAT01,0.0,450.0,1428.1690773291593,1428.1690773291593,450,618.1690773291593,360.0,62,0.143,2.521179646872999,0.6848525441408752,3600,,2483.7304613354204
V4-03,C,"[""S001""]",U08,C-BAT02,0.0,540.0,1626.1690773291593,1626.1690773291593,540,618.1690773291593,468.0,70,0.196,2.720392502747031,0.6599509371566211,3600,2285.7304613354204,2285.7304613354204
V4-04,C,"[""S006""]",U07,C-BAT03,1428.1690773291593,1908.1690773291593,2989.7229452907886,1561.5538679616293,480,685.5538679616293,396.0,59,0.156,2.5979878649119788,0.6752515168860027,3600,962.408988690026,962.408988690026
V4-06,C,"[""S002""]",U08,C-BAT04,1626.1690773291593,2136.1690773291593,3799.9814621443734,2173.812384815214,510,1231.812384815214,432.0,67,0.184,6.280824662604656,0.21489691717441795,3600,420.51473026323356,420.51473026323356
V4-07,C,"[""S007"", ""S003""]",U07,C-BAT01,2989.7229452907886,3499.7229452907886,5683.315363783122,2693.5924184923333,510,1571.5924184923333,612.0,70,0.207,6.3922093759418015,0.2009738280072748,7200,,2307.2703110192124
V4-09,C,"[""S005""]",U08,C-BAT02,3799.9814621443734,4279.981462144373,5677.1719866702015,1877.190524525828,480,1001.1905245258283,396.0,59,0.156,4.222192859507306,0.47222589256158676,10800,5626.788275592713,5626.788275592713
