battery,chain
A-BAT01,"[{""flight_id"": ""V4-08"", ""start_s"": 0.0, ""return_s"": 1250.899502077302, ""full_s"": 2121.3550272147386}, {""flight_id"": ""V4-20"", ""start_s"": 2121.3550272147386, ""return_s"": 4300.155212581923, ""full_s"": 5722.034453621569}]"
A-BAT02,"[{""flight_id"": ""V4-17"", ""start_s"": 0.0, ""return_s"": 1612.113737676263, ""full_s"": 2697.242479319197}, {""flight_id"": ""V4-18"", ""start_s"": 2697.242479319197, ""return_s"": 5300.574925426126, ""full_s"": 6753.104836452518}]"
A-BAT03,"[{""flight_id"": ""V4-15"", ""start_s"": 0.0, ""return_s"": 1727.4240845407844, ""full_s"": 2796.8016652742153}, {""flight_id"": ""V4-01"", ""start_s"": 3339.5378222170475, ""return_s"": 5308.127225364641, ""full_s"": 6547.016739941103}]"
A-BAT04,"[{""flight_id"": ""V4-21"", ""start_s"": 0.0, ""return_s"": 2464.077990062212, ""full_s"": 3895.818220385867}, {""flight_id"": ""V4-22"", ""start_s"": 3926.4274778074787, ""return_s"": 5615.040709638748, ""full_s"": 6788.532116178526}]"
A-BAT05,"[{""flight_id"": ""V4-16"", ""start_s"": 1250.899502077302, ""return_s"": 3926.4274778074787, ""full_s"": 5405.731319479776}]"
A-BAT06,"[{""flight_id"": ""V4-19"", ""start_s"": 1612.113737676263, ""return_s"": 3339.5378222170475, ""full_s"": 4389.970246872384}, {""flight_id"": ""V4-23"", ""start_s"": 4389.970246872384, ""return_s"": 5611.993193530146, ""full_s"": 6456.146127763394}]"
B-BAT01,"[{""flight_id"": ""V4-05"", ""start_s"": 0.0, ""return_s"": 1922.7403507440445, ""full_s"": 3782.1198802246354}, {""flight_id"": ""V4-14"", ""start_s"": 3791.4000534448223, ""return_s"": 5693.231489105106, ""full_s"": 7557.389366386604}]"
B-BAT02,"[{""flight_id"": ""V4-10"", ""start_s"": 0.0, ""return_s"": 1869.7564163815437, ""full_s"": 3463.9247586280844}, {""flight_id"": ""V4-13"", ""start_s"": 3478.1199165752214, ""return_s"": 5439.9513522355055, ""full_s"": 7395.878513661657}]"
B-BAT03,"[{""flight_id"": ""V4-11"", ""start_s"": 1869.7564163815437, ""return_s"": 3791.4000534448223, ""full_s"": 5614.359735847789}]"
B-BAT04,"[{""flight_id"": ""V4-12"", ""start_s"": 1922.7403507440445, ""return_s"": 3478.1199165752214, ""full_s"": 4934.83805241414}]"
C-BAT01,"[{""flight_id"": ""V4-02"", ""start_s"": 0.0, ""return_s"": 1428.1690773291593, ""full_s"": 2944.3218983572633}, {""flight_id"": ""V4-07"", ""start_s"": 2989.7229452907886, ""return_s"": 5683.315363783122, ""full_s"": 8247.87206976736}]"
C-BAT02,"[{""flight_id"": ""V4-03"", ""start_s"": 0.0, ""return_s"": 1626.1690773291593, ""full_s"": 3196.27538015648}, {""flight_id"": ""V4-09"", ""start_s"": 3799.9814621443734, ""return_s"": 5677.1719866702015, ""full_s"": 7654.015886120096}]"
C-BAT03,"[{""flight_id"": ""V4-04"", ""start_s"": 1428.1690773291593, ""return_s"": 2989.7229452907886, ""full_s"": 4526.677992037783}]"
C-BAT04,"[{""flight_id"": ""V4-06"", ""start_s"": 1626.1690773291593, ""return_s"": 3799.9814621443734, ""full_s"": 6334.371474933134}]"
