flight_id,type,battery,aircraft,start_s,return_s,charge_s,charge_end_s,return_soc
V4-08,A,A-BAT01,U01,0.0,1250.8995020773023,870.4555251374368,2121.355027214739,0.7150342114327408
V4-17,A,A-BAT02,U02,0.0,1612.1137376762044,1085.1287416428936,2697.242479319098,0.5499009679670048
V4-15,A,A-BAT03,U03,0.0,1727.4240845407253,1069.3775807333905,2796.8016652741157,0.5620172455896996
V4-21,A,A-BAT04,U04,0.0,2464.077990062161,1431.7402303236227,3895.8182203857837,0.2832767459049055
V4-16,A,A-BAT05,U01,1250.899502077302,3926.427477807457,1479.3038416722836,5405.731319479741,0.24668935255978164
V4-19,A,A-BAT06,U02,1612.113737676263,3339.537822216988,1050.4324246552983,4389.970246872286,0.5765904425728474
V4-20,A,A-BAT01,U03,2121.3550272147386,4300.155212581863,1421.8792410396054,5722.034453621469,0.2908621222772264
V4-18,A,A-BAT02,U04,2697.242479319197,5300.574925426204,1452.529911026446,6753.10483645265,0.2672846838258106
V4-01,A,A-BAT03,U02,3339.5378222170475,5308.127225364642,1238.8895145764618,6547.016739941104,0.4316234503257985
V4-22,A,A-BAT04,U01,3926.4274778074787,5615.040709638748,1173.491406539778,6788.532116178526,0.48192968727709373
V4-23,A,A-BAT06,U03,4389.970246872384,5611.993193530205,844.1529342332891,6456.1461277634935,0.7352669736667006
V4-05,B,B-BAT01,U05,0.0,1922.7403507440918,1859.3795294806453,3782.1198802247372,0.3118964252996276
V4-10,B,B-BAT02,U06,0.0,1869.7564163815439,1594.1683422465408,3463.9247586280844,0.46490287947314934
V4-11,B,B-BAT03,U06,1869.7564163815437,3791.4000534447746,1822.9596824029163,5614.359735847691,0.3329078755367789
V4-12,B,B-BAT04,U05,1922.7403507440445,3478.1199165752214,1456.7181358389184,4934.838052414139,0.5442010754775469
V4-13,B,B-BAT02,U05,3478.1199165752214,5439.9513522355055,1955.9271614261515,7395.878513661657,0.25619586840798947
V4-14,B,B-BAT01,U06,3791.4000534448223,5693.231489105107,1864.1578772814973,7557.389366386605,0.3091396861837514
V4-02,C,C-BAT01,U07,0.0,1428.1690773291593,1516.1528210281037,2944.3218983572633,0.684852544140875
V4-03,C,C-BAT02,U08,0.0,1626.1690773291593,1570.1063028273206,3196.27538015648,0.6599509371566211
V4-04,C,C-BAT03,U07,1428.1690773291593,2989.7229452907773,1536.9550467469753,4526.677992037752,0.6752515168860111
V4-06,C,C-BAT04,U08,1626.1690773291593,3799.9814621443734,2534.390012788761,6334.371474933134,0.21489691717441783
V4-07,C,C-BAT01,U07,2989.7229452907886,5683.315363783215,2564.556705984386,8247.8720697676,0.2009738280072063
V4-09,C,C-BAT02,U08,3799.9814621443734,5677.171986670202,1976.843899449895,7654.015886120097,0.47222589256158676
