box_id,service_area,flight_id,aircraft,battery,delivery_s,expected_delivery_s,hard_deadline_s,hard_slack_s,expected_slack_s,weighted_tardiness_s
S009-MED-01,S009,V4-16,U01,A-BAT01,1125.896615915635,10800,10800,9674.103384084365,9674.103384084365,0
S002-WAT-01,S002,V4-16,U01,A-BAT01,1525.8857606161632,3600,3600,2074.114239383837,2074.114239383837,0
S013-MED-01,S013,V4-16,U01,A-BAT01,2147.004440225386,3600,3600,1452.9955597746139,1452.9955597746139,0
S007-FOD-01,S007,V4-15,U02,A-BAT02,1141.3520422703627,7200,,,6058.647957729638,0
S007-WAT-01,S007,V4-15,U02,A-BAT02,1141.3520422703627,3600,3600,2458.6479577296373,2458.6479577296373,0
S007-MED-01,S007,V4-19,U03,A-BAT03,1141.3520422703627,3600,3600,2458.6479577296373,2458.6479577296373,0
S007-WAT-02,S007,V4-19,U03,A-BAT03,1141.3520422703627,3600,,,2458.6479577296373,0
S013-FOD-01,S013,V4-17,U04,A-BAT04,1083.5902021714355,7200,,,6116.4097978285645,0
S013-WAT-01,S013,V4-17,U04,A-BAT04,1083.5902021714355,3600,3600,2516.4097978285645,2516.4097978285645,0
S001-FOD-01,S001,V4-08,U04,A-BAT05,2520.6868220482474,7200,,,4679.313177951753,0
S001-WAT-01,S001,V4-08,U04,A-BAT05,2520.6868220482474,3600,3600,1079.3131779517526,1079.3131779517526,0
S003-MED-01,S003,V4-18,U02,A-BAT06,3166.712057255187,7200,7200,4033.287942744813,4033.287942744813,0
S003-WAT-01,S003,V4-18,U02,A-BAT06,3166.712057255187,7200,7200,4033.287942744813,4033.287942744813,0
S015-MED-01,S015,V4-18,U02,A-BAT06,3619.9018290739946,7200,7200,3580.0981709260054,3580.0981709260054,0
S011-MED-01,S011,V4-21,U03,A-BAT04,3590.440619314774,10800,10800,7209.559380685227,7209.559380685227,0
S004-MED-01,S004,V4-21,U03,A-BAT04,4353.567043364463,7200,7200,2846.4329566355373,2846.4329566355373,0
S004-WAT-03,S004,V4-21,U03,A-BAT04,4353.567043364463,7200,,,2846.4329566355373,0
S004-FOD-01,S004,V4-20,U01,A-BAT03,4148.903268546352,10800,,,6651.096731453648,0
S004-WAT-02,S004,V4-20,U01,A-BAT03,4148.903268546352,7200,,,3051.0967314536483,0
S015-FOD-01,S015,V4-01,U04,A-BAT02,4120.747941327362,14400,,,10279.252058672639,0
S015-WAT-01,S015,V4-01,U04,A-BAT02,4120.747941327362,10800,10800,6679.252058672638,6679.252058672638,0
S009-FOD-01,S009,V4-22,U02,A-BAT05,5456.653146563348,14400,,,8943.346853436651,0
S009-WAT-01,S009,V4-22,U02,A-BAT05,5456.653146563348,10800,10800,5343.346853436652,5343.346853436652,0
S011-FOD-01,S011,V4-23,U04,A-BAT01,5724.800782896736,14400,,,8675.199217103265,0
S011-WAT-01,S011,V4-23,U04,A-BAT01,5724.800782896736,10800,10800,5075.199217103264,5075.199217103264,0
S012-FOD-01,S012,V4-05,U05,B-BAT01,1271.300175372046,7200,,,5928.6998246279545,0
S012-MED-01,S012,V4-05,U05,B-BAT01,1271.300175372046,7200,3600,2328.699824627954,5928.6998246279545,0
S012-WAT-01,S012,V4-05,U05,B-BAT01,1271.300175372046,3600,3600,2328.699824627954,2328.699824627954,0
S014-FOD-01,S014,V4-10,U06,B-BAT02,1242.4348748574387,7200,,,5957.565125142562,0
S014-MED-01,S014,V4-10,U06,B-BAT02,1242.4348748574387,7200,3600,2357.5651251425616,5957.565125142562,0
S014-WAT-01,S014,V4-10,U06,B-BAT02,1242.4348748574387,3600,3600,2357.5651251425616,2357.5651251425616,0
S010-FOD-01,S010,V4-12,U06,B-BAT03,2954.9828659637988,7200,,,4245.017134036201,0
S010-MED-01,S010,V4-12,U06,B-BAT03,2954.9828659637988,3600,3600,645.0171340362012,645.0171340362012,0
S010-WAT-01,S010,V4-12,U06,B-BAT03,2954.9828659637988,3600,3600,645.0171340362012,645.0171340362012,0
S004-HYG-01,S004,V4-11,U05,B-BAT04,3165.208835942327,14400,,,11234.791164057673,0
S004-WAT-01,S004,V4-11,U05,B-BAT04,3165.208835942327,7200,7200,4034.791164057673,4034.791164057673,0
S002-FOD-01,S002,V4-06,U07,C-BAT01,1553.316192407607,7200,,,5646.683807592393,0
S002-FOD-02,S002,V4-06,U07,C-BAT01,1553.316192407607,7200,,,5646.683807592393,0
S002-HYG-01,S002,V4-06,U07,C-BAT01,1553.316192407607,10800,,,9246.683807592393,0
S002-MED-01,S002,V4-06,U07,C-BAT01,1553.316192407607,3600,3600,2046.683807592393,2046.683807592393,0
S002-WAT-02,S002,V4-06,U07,C-BAT01,1553.316192407607,3600,,,2046.683807592393,0
S002-WAT-03,S002,V4-06,U07,C-BAT01,1553.316192407607,3600,,,2046.683807592393,0
S002-WAT-04,S002,V4-06,U07,C-BAT01,1553.316192407607,3600,,,2046.683807592393,0
S001-FOD-02,S001,V4-03,U08,C-BAT02,1314.2695386645796,7200,,,5885.730461335421,0
S001-FOD-03,S001,V4-03,U08,C-BAT02,1314.2695386645796,7200,,,5885.730461335421,0
S001-HYG-02,S001,V4-03,U08,C-BAT02,1314.2695386645796,10800,,,9485.73046133542,0
S001-MED-01,S001,V4-03,U08,C-BAT02,1314.2695386645796,3600,3600,2285.7304613354204,2285.7304613354204,0
S001-MED-02,S001,V4-03,U08,C-BAT02,1314.2695386645796,3600,3600,2285.7304613354204,2285.7304613354204,0
S001-WAT-06,S001,V4-03,U08,C-BAT02,1314.2695386645796,3600,,,2285.7304613354204,0
S001-WAT-07,S001,V4-03,U08,C-BAT02,1314.2695386645796,3600,,,2285.7304613354204,0
S001-WAT-08,S001,V4-03,U08,C-BAT02,1314.2695386645796,3600,,,2285.7304613354204,0
S006-FOD-01,S006,V4-04,U08,C-BAT03,2835.591011309968,7200,,,4364.408988690032,0
S006-HYG-01,S006,V4-04,U08,C-BAT03,2835.591011309968,10800,,,7964.408988690032,0
S006-MED-01,S006,V4-04,U08,C-BAT03,2835.591011309968,3600,3600,764.408988690032,764.408988690032,0
S006-WAT-01,S006,V4-04,U08,C-BAT03,2835.591011309968,3600,3600,764.408988690032,764.408988690032,0
S006-WAT-02,S006,V4-04,U08,C-BAT03,2835.591011309968,3600,,,764.408988690032,0
S006-WAT-03,S006,V4-04,U08,C-BAT03,2835.591011309968,3600,,,764.408988690032,0
S001-HYG-01,S001,V4-02,U07,C-BAT04,3290.0819234797937,10800,,,7509.918076520206,0
S001-WAT-02,S001,V4-02,U07,C-BAT04,3290.0819234797937,3600,,,309.91807652020634,0
S001-WAT-03,S001,V4-02,U07,C-BAT04,3290.0819234797937,3600,,,309.91807652020634,0
S001-WAT-04,S001,V4-02,U07,C-BAT04,3290.0819234797937,3600,,,309.91807652020634,0
S001-WAT-05,S001,V4-02,U07,C-BAT04,3290.0819234797937,3600,,,309.91807652020634,0
S007-HYG-01,S007,V4-07,U08,C-BAT02,4460.018608821403,10800,,,6339.981391178597,0
S003-FOD-01,S003,V4-07,U08,C-BAT02,5099.282123846525,10800,,,5700.717876153475,0
S003-FOD-02,S003,V4-07,U08,C-BAT02,5099.282123846525,10800,,,5700.717876153475,0
S003-HYG-01,S003,V4-07,U08,C-BAT02,5099.282123846525,14400,,,9300.717876153474,0
S003-WAT-02,S003,V4-07,U08,C-BAT02,5099.282123846525,7200,,,2100.717876153475,0
S003-WAT-03,S003,V4-07,U08,C-BAT02,5099.282123846525,7200,,,2100.717876153475,0
S003-WAT-04,S003,V4-07,U08,C-BAT02,5099.282123846525,7200,,,2100.717876153475,0
S008-FOD-01,S008,FEAS22-MERGED,U07,C-BAT01,6205.893004146682,10800,,,4594.106995853318,0
S008-HYG-01,S008,FEAS22-MERGED,U07,C-BAT01,6205.893004146682,14400,,,8194.106995853319,0
S008-MED-01,S008,FEAS22-MERGED,U07,C-BAT01,6205.893004146682,7200,7200,994.106995853318,994.106995853318,0
S008-WAT-01,S008,FEAS22-MERGED,U07,C-BAT01,6205.893004146682,7200,7200,994.106995853318,994.106995853318,0
S008-WAT-02,S008,FEAS22-MERGED,U07,C-BAT01,6205.893004146682,7200,,,994.106995853318,0
S005-FOD-01,S005,V4-09,U08,C-BAT03,7263.098060911728,14400,,,7136.901939088272,0
S005-HYG-01,S005,V4-09,U08,C-BAT03,7263.098060911728,18000,,,10736.901939088271,0
S005-MED-01,S005,V4-09,U08,C-BAT03,7263.098060911728,10800,10800,3536.9019390882722,3536.9019390882722,0
S005-WAT-01,S005,V4-09,U08,C-BAT03,7263.098060911728,10800,10800,3536.9019390882722,3536.9019390882722,0
S005-WAT-02,S005,V4-09,U08,C-BAT03,7263.098060911728,10800,,,3536.9019390882722,0
S005-WAT-03,S005,V4-09,U08,C-BAT03,7263.098060911728,10800,,,3536.9019390882722,0
