flight_id,leg,origin,destination,payload_kg,distance_m,max_dem_m,up_m,down_m,departure_s,arrival_s,energy_kwh
V4-08,0,O01,S001,22,3053.9788435185,223.05661010742188,145.3566101074219,89.05661010742188,360.0,698.5730843719845,0.7090360395276826
V4-08,1,S001,O01,0,3053.9788435185,223.05661010742188,89.05661010742188,145.3566101074219,908.5730843719845,1250.8995020773023,0.5733100090249839
V4-17,0,O01,S013,22,4849.2423772291,349.18182373046875,271.48182373046876,47.48182373046876,360.0,873.5902021714355,1.1400026303075363
V4-17,1,S013,O01,0,4849.2423772291,349.18182373046875,47.48182373046876,271.48182373046876,1083.5902021714355,1612.1137376762044,0.8854430138409422
V4-15,0,O01,S007,22,4534.460566814663,461.9731750488281,384.27317504882814,163.47317504882812,360.0,931.3520422703626,1.1114104537355958
V4-15,1,S007,O01,0,4534.460566814663,461.9731750488281,163.47317504882812,384.27317504882814,1141.3520422703627,1727.4240845407253,0.859511941110756
V4-21,0,O01,S011,20,2808.0742326812942,245.36175537109375,167.66175537109376,83.26175537109376,390.0,713.1981399955766,0.646978250372087
V4-21,1,S011,S004,17,5403.734627658765,311.138916015625,149.038916015625,132.838916015625,893.1981399955766,1446.3245640452653,1.1446089544869646
V4-21,2,S004,O01,0,7714.696449116812,348.2391662597656,169.9391662597656,270.53916625976564,1656.3245640452653,2464.077990062161,1.4336674385688737
V4-16,0,O01,S009,20,5705.144962276682,243.22891235351562,165.52891235351564,63.228912353515625,1640.899502077302,2196.796117992937,1.2548149589941064
V4-16,1,S009,S002,17,1724.547202226651,278.2866516113281,98.28665161132812,108.78665161132812,2376.796117992937,2596.7852626934655,0.3819917642231804
V4-16,2,S002,S013,3,4540.133276404425,327.2103271484375,157.7103271484375,25.51032714843751,2776.7852626934655,3217.903942302688,0.8676481764227538
V4-16,3,S013,O01,0,4849.2423772291,349.18182373046875,47.48182373046876,271.48182373046876,3397.903942302688,3926.427477807457,0.8854430138409422
V4-19,0,O01,S007,17,4534.460566814663,461.9731750488281,384.27317504882814,163.47317504882812,1972.113737676263,2543.4657799466254,1.0458310673114308
V4-19,1,S007,O01,0,4534.460566814663,461.9731750488281,163.47317504882812,384.27317504882814,2753.4657799466254,3339.537822216988,0.859511941110756
V4-20,0,O01,S004,22,7714.696449116812,348.2391662597656,270.53916625976564,169.9391662597656,2481.3550272147386,3282.401786564968,1.7574530111836075
V4-20,1,S004,O01,0,7714.696449116812,348.2391662597656,169.9391662597656,270.53916625976564,3492.401786564968,4300.155212581863,1.4336674385688737
V4-18,0,O01,S003,20,7263.179256557209,511.80413818359375,434.10413818359376,223.30413818359375,3087.242479319197,3926.5304520336,1.6735815158057517
V4-18,1,S003,S015,3,2616.367252060067,437.89886474609375,149.39886474609375,13.39886474609375,4136.530452033599,4409.720223852407,0.5161709263059068
V4-18,2,S015,O01,0,6009.382971619937,521.7992553710938,97.29925537109375,444.09925537109376,4589.720223852407,5300.574925426204,1.1074664806721943
V4-01,0,O01,S015,22,6009.382971619937,521.7992553710938,444.09925537109376,97.29925537109375,3699.5378222170475,4387.272523790845,1.450227992861712
V4-01,1,S015,O01,0,6009.382971619937,521.7992553710938,97.29925537109375,444.09925537109376,4597.272523790845,5308.127225364642,1.1074664806721943
V4-22,0,O01,S009,22,5705.144962276682,243.22891235351562,165.52891235351564,63.228912353515625,4286.427477807479,4842.324093723113,1.2876390431662847
V4-22,1,S009,O01,0,5705.144962276682,243.22891235351562,63.228912353515625,165.52891235351564,5052.324093723113,5615.040709638748,1.0436773640867933
V4-23,0,O01,S011,22,2808.0742326812942,245.36175537109375,167.66175537109376,83.26175537109376,4749.970246872384,5073.168386867961,0.66378667351022
V4-23,1,S011,O01,0,2808.0742326812942,245.36175537109375,83.26175537109376,167.66175537109376,5283.168386867961,5611.993193530205,0.5275119449896275
V4-05,0,O01,S012,25,7390.491686977172,363.3009948730469,285.6009948730469,133.50099487304686,390.0,1031.300175372046,1.6637876002614533
V4-05,1,S012,O01,0,7390.491686977172,363.3009948730469,133.50099487304686,285.6009948730469,1271.300175372046,1922.7403507440918,1.0886266985400364
V4-10,0,O01,S014,25,5419.60185821314,541.9473876953125,464.2473876953125,240.9473876953125,390.0,1002.4348748574387,1.3068849146010166
V4-10,1,S014,O01,0,5419.60185821314,541.9473876953125,240.9473876953125,464.2473876953125,1242.4348748574387,1869.7564163815439,0.8335035675063862
V4-11,0,O01,S004,20,7714.696449116812,348.2391662597656,270.53916625976564,169.9391662597656,2229.7564163815437,2902.224901579826,1.5244627900889098
V4-11,1,S004,O01,0,7714.696449116812,348.2391662597656,169.9391662597656,270.53916625976564,3112.224901579826,3791.4000534447746,1.1439057077639745
V4-12,0,O01,S010,25,4784.494851643981,385.63653564453125,307.93653564453126,84.03653564453123,2312.7403507440445,2767.9668003262996,1.1190228622136358
V4-12,1,S010,O01,0,4784.494851643981,385.63653564453125,84.03653564453123,307.93653564453126,3007.9668003262996,3478.1199165752214,0.7041728358761764
V4-13,0,O01,S008,25,8079.033112422834,322.9093322753906,245.20933227539064,102.00933227539065,3868.1199165752214,4529.26230107203,1.7959739347411785
V4-13,1,S008,O01,0,8079.033112422834,322.9093322753906,102.00933227539065,245.20933227539064,4769.26230107203,5439.9513522355055,1.1792425916268632
V4-14,0,O01,S008,20,8079.033112422834,322.9093322753906,245.20933227539064,102.00933227539065,4151.400053444822,4812.542437941632,1.5841986636381309
V4-14,1,S008,O01,0,8079.033112422834,322.9093322753906,102.00933227539065,245.20933227539064,5022.542437941632,5693.231489105107,1.1792425916268632
V4-02,0,O01,S001,62,3053.9788435185,223.05661010742188,145.3566101074219,89.05661010742188,450.0,756.2695386645797,1.5579337371287842
V4-02,1,S001,O01,0,3053.9788435185,223.05661010742188,89.05661010742188,145.3566101074219,1116.2695386645796,1428.1690773291593,0.9632459097442152
V4-03,0,O01,S001,70,3053.9788435185,223.05661010742188,145.3566101074219,89.05661010742188,540.0,846.2695386645797,1.757146593002816
V4-03,1,S001,O01,0,3053.9788435185,223.05661010742188,89.05661010742188,145.3566101074219,1314.2695386645796,1626.1690773291593,0.9632459097442152
V4-04,0,O01,S006,59,3186.2081784133024,316.09783935546875,238.39783935546876,51.29783935546874,1908.1690773291593,2241.591011309968,1.6040451674358294
V4-04,1,S006,O01,0,3186.2081784133024,316.09783935546875,51.29783935546874,238.39783935546876,2637.591011309968,2989.7229452907773,0.9939426974760812
V4-06,0,O01,S002,67,7411.310455083832,258.9542541503906,181.25425415039064,89.45425415039062,2136.1690773291593,2747.4852697367664,3.9767561363572703
V4-06,1,S002,O01,0,7411.310455083832,258.9542541503906,89.45425415039062,181.25425415039064,3179.4852697367664,3799.9814621443734,2.3040685262473866
V4-07,0,O01,S007,70,4534.460566814663,461.9731750488281,384.27317504882814,163.47317504882812,3499.7229452907886,4037.4661739557114,2.698153398459533
V4-07,1,S007,S003,64,2734.261624302615,360.6993408203125,62.1993408203125,72.1993408203125,4253.466173955711,4496.729688980833,1.4001560158764041
V4-07,2,S003,O01,0,7263.179256557209,511.80413818359375,223.30413818359375,434.10413818359376,4892.729688980833,5683.315363783215,2.293899961606412
V4-09,0,O01,S005,59,5280.606936873399,276.410888671875,198.710888671875,131.410888671875,4279.981462144373,4777.211724407288,2.5626257007138924
V4-09,1,S005,O01,0,5280.606936873399,276.410888671875,131.410888671875,198.710888671875,5173.211724407288,5677.171986670202,1.6595671587934138
