origin,destination,distance_m,max_dem_m,traversed_cells,sample_missed_cells,snapshot_distance_difference_m,snapshot_max_dem_difference_m,monotonic_margin
O01,S001,3053.9788435185,223.05661010742188,136,0,4.547473508864641e-13,0.0,0.41327363598803507
O01,S002,7411.310455083832,258.9542541503906,323,1,9.094947017729282e-13,0.0,0.37757669935974764
O01,S003,7263.179256557209,511.80413818359375,338,0,7.075868779793382e-10,0.0,0.47917001068694154
O01,S004,7714.696449116812,348.2391662597656,276,0,-3.54702933691442e-10,0.0,0.09158762754285554
O01,S005,5280.606936873399,276.410888671875,181,0,0.0,0.0,0.04566115090336907
O01,S006,3186.2081784133024,316.09783935546875,116,0,-8.86757334228605e-11,0.0,0.025218374106910968
O01,S007,4534.460566814663,461.9731750488281,213,0,-3.54702933691442e-10,0.0,0.5074615055945161
O01,S008,8079.033112422834,322.9093322753906,321,0,0.0,0.0,0.22371475850964878
O01,S009,5705.144962276682,243.22891235351562,253,0,9.094947017729282e-13,0.0,0.41420427560720563
O01,S010,4784.494851643981,385.63653564453125,203,0,-2.7284841053187847e-12,0.0,0.24875512494614518
O01,S011,2808.0742326812942,245.36175537109375,123,0,3.5288394428789616e-10,0.0,0.3818023085359709
O01,S012,7390.491686977172,363.3009948730469,354,1,3.54702933691442e-10,0.0,0.683351431124076
O01,S013,4849.2423772291,349.18182373046875,228,1,-3.5288394428789616e-10,0.0,0.5122194377085248
O01,S014,5419.60185821314,541.9473876953125,203,0,0.0,0.0,0.06329359833269108
O01,S015,6009.382971619937,521.7992553710938,286,1,0.0,0.0,0.6517421445632211
S001,S002,4360.597539756665,259.2448425292969,188,0,0.0,0.0,0.35451622148977097
S001,S003,7658.743347832504,505.94439697265625,293,0,5.438778316602111e-10,0.0,0.09144136369951507
S001,S004,4927.678496017948,358.7777404785156,179,0,-3.474269760772586e-10,0.0,0.0996797410047608
S001,S005,2928.040349759462,266.13800048828125,136,0,0.0,0.0,0.5188178457495987
S001,S006,5296.167916112077,343.9356384277344,251,0,-7.366907084360719e-11,0.0,0.5387518213984419
S001,S007,5187.883380201078,389.17535400390625,198,0,-2.864908310584724e-10,0.0,0.08570723508693526
S001,S008,5968.208563019998,316.78717041015625,276,0,-9.094947017729282e-13,0.0,0.5175387229357586
S001,S009,2651.1987738696603,243.22891235351562,118,1,-9.094947017729282e-13,0.0,0.4174997849828778
S001,S010,3709.894322540066,381.0796813964844,170,1,-1.3642420526593924e-12,0.0,0.41997130511659025
S001,S011,2354.09252847418,226.38790893554688,90,0,1.1004885891452432e-10,0.0,0.07632130268223986
S001,S012,4697.6836008614355,385.599609375,219,1,2.8558133635669947e-10,0.0,0.4868252491863567
S001,S013,2898.82585225254,328.3608093261719,111,1,-2.8558133635669947e-10,0.0,0.09196146442141964
S001,S014,5196.211294425084,550.0504150390625,248,1,-2.1100277081131935e-10,0.0,0.6007809438334983
S001,S015,5500.079382379046,547.315185546875,241,0,9.094947017729282e-13,0.0,0.31508379223558003
S002,S003,9776.008219307721,571.1314086914062,432,1,2.673914423212409e-10,0.0,0.3349591150272915
S002,S004,2248.0182063368165,283.658203125,102,0,-9.822542779147625e-11,0.0,0.36443913209486317
S002,S005,3475.7473167561043,356.79864501953125,161,0,-4.547473508864641e-13,0.0,0.4468976183727368
S002,S006,9184.869723321703,344.2987060546875,438,1,-5.638867150992155e-11,0.0,0.6503897651966593
S002,S007,8118.282402349902,424.7281799316406,385,2,-1.5188561519607902e-10,0.0,0.5526113472444101
S002,S008,4802.36270414278,331.8424987792969,199,1,0.0,0.0,0.2058648235705697
S002,S009,1724.547202226651,278.2866516113281,71,0,-2.2737367544323206e-13,0.0,0.2564422059911213
S002,S010,5917.036722048095,441.85394287109375,247,0,0.0,0.0,0.29733710129363405
S002,S011,5781.674098446783,311.78533935546875,277,2,-1.4733814168721437e-10,0.0,0.6719568525126929
S002,S012,3071.276189482005,358.1782531738281,146,0,-1.609805622138083e-10,0.0,0.5663634286077489
S002,S013,4540.133276404425,327.2103271484375,188,1,8.458300726488233e-11,0.0,0.2844706566635087
S002,S014,7654.631529850579,457.5832214355469,325,0,-3.510649548843503e-10,0.0,0.33019375959377156
S002,S015,7164.391021689866,593.7526245117188,314,1,0.0,0.0,0.3171940274147529
S003,S004,8231.979617568319,674.2682495117188,385,0,-7.457856554538012e-11,0.0,0.4996384041407562
S003,S005,6340.248150981081,533.8880615234375,272,1,3.1377567211166024e-10,0.0,0.2715554554352066
S003,S006,4800.9448779173235,612.3626708984375,229,0,8.130882633849978e-10,0.0,0.6547542044253727
S003,S007,2734.261624302615,360.6993408203125,126,0,1.046373654389754e-09,0.0,0.43457202135568107
S003,S008,6254.069786227809,746.0787353515625,300,1,-4.4565240386873484e-11,0.0,0.6887538873119824
S003,S009,8897.538201898651,544.588134765625,362,1,3.7471181713044643e-10,0.0,0.18161215174150927
S003,S010,11224.341742401752,466.96417236328125,462,0,5.948095349594951e-10,0.0,0.2006736224233375
S003,S011,5356.618221828666,485.42230224609375,216,0,3.92901711165905e-10,0.0,0.16753889855568208
S003,S012,11816.963299088504,544.5889282226562,463,0,5.602487362921238e-10,0.0,0.1275822515220399
S003,S013,10557.567564391622,505.94439697265625,403,1,2.5647750589996576e-10,0.0,0.09110049930437772
S003,S014,12385.714671907517,542.7295532226562,540,0,5.493347998708487e-10,0.0,0.3082266228046839
S003,S015,2616.367252060067,437.89886474609375,119,1,2.3010215954855084e-10,0.0,0.3830953613838079
S004,S005,2608.141609583535,315.80657958984375,114,0,-3.383320290595293e-10,0.0,0.3821831062813796
S004,S006,8705.954581830516,375.2806396484375,391,0,-3.710738383233547e-10,0.0,0.44635994971827997
S004,S007,7096.419192532262,543.2369995117188,338,2,-3.5197444958612323e-10,0.0,0.6493986002028672
S004,S008,2611.5969873645686,336.83349609375,98,0,-9.549694368615746e-12,0.0,0.0649533214137172
S004,S009,2985.089340145525,275.2157897949219,140,0,-2.760316419880837e-10,0.0,0.5427104110332464
S004,S010,7545.205431976367,432.957275390625,348,1,-2.8467184165492654e-10,0.0,0.5085741834251
S004,S011,5403.734627658765,311.138916015625,230,1,-6.048139766789973e-10,0.0,0.33263378436238594
S004,S012,5285.128402507529,312.0069580078125,247,0,-2.646629582159221e-10,0.0,0.48404437824891006
S004,S013,6196.225747977321,322.2989807128906,289,1,-2.928572939708829e-10,0.0,0.5438188685897729
S004,S014,9293.78059586837,505.3861083984375,426,0,-6.057234713807702e-10,0.0,0.49549342612310177
S004,S015,5648.280871145166,641.2510375976562,267,2,-2.255546860396862e-10,0.0,0.5508531252236233
S005,S006,6107.118164078352,366.7322998046875,278,1,-4.18367562815547e-11,0.0,0.47485530274948534
S005,S007,4687.969571594615,467.1478271484375,225,0,-1.227817847393453e-10,0.0,0.6271361858661858
S005,S008,3040.170516896303,316.78717041015625,141,0,0.0,0.0,0.5182732325894308
S005,S009,2649.9228387834323,313.5632019042969,97,0,-4.547473508864641e-13,0.0,0.03065777697943488
S005,S010,6361.357471474573,416.15325927734375,305,1,-1.8189894035458565e-12,0.0,0.6355157784681655
S005,S011,2802.7128421216566,297.5489196777344,117,0,-2.7193891583010554e-10,0.0,0.2874412912967135
S005,S012,5622.613923737781,313.5632019042969,204,0,8.003553375601768e-11,0.0,0.02732598998837836
S005,S013,5214.4913787077185,324.4444580078125,246,2,-1.6189005691558123e-10,0.0,0.5279515455653362
S005,S014,7995.561600674234,552.8875122070312,383,3,-2.510205376893282e-10,0.0,0.7012600476360603
S005,S015,3754.922597732399,568.6133422851562,154,0,4.547473508864641e-13,0.0,0.19246253326318058
S006,S007,2507.4418485749156,540.361328125,104,0,-2.346496330574155e-10,0.0,0.28118559103823965
S006,S008,8061.407554787587,517.8421020507812,306,2,-1.4551915228366852e-11,0.0,0.1590839605472446
S006,S009,7669.050415940167,341.0712890625,368,0,-6.45741238258779e-11,0.0,0.6829641728298212
S006,S010,7921.289387382218,383.2227783203125,318,0,-8.822098607197404e-11,0.0,0.15994553411995524
S006,S011,3409.7214170465495,350.46759033203125,162,0,1.177795638795942e-10,0.0,0.6156478423318297
S006,S012,9989.796143993954,385.3490295410156,469,2,2.2009771782904863e-10,0.0,0.5129277601022367
S006,S013,7782.691539536299,344.1709289550781,343,2,-4.283720045350492e-10,0.0,0.3290962795236413
S006,S014,8596.7867730805,556.662109375,312,0,-7.457856554538012e-11,0.0,0.02823158545078465
S006,S015,4684.461038273094,601.2601318359375,177,0,1.4551915228366852e-11,0.0,0.15740959211947886
S007,S008,5911.483160507404,606.739501953125,253,0,6.275513442233205e-11,0.0,0.33975734297602095
S007,S009,6907.712471508054,418.3708190917969,315,2,-2.02817318495363e-10,0.0,0.41070441391381524
S007,S010,8599.961950728462,386.94964599609375,337,1,-3.2741809263825417e-10,0.0,0.1254853511797908
S007,S011,2834.028560703495,389.17535400390625,109,0,-3.888089850079268e-10,0.0,0.09439364637687628
S007,S012,9663.2384869826,407.66363525390625,416,2,-3.092281986027956e-11,0.0,0.2816836789500399
S007,S013,8054.988861397853,382.5381164550781,290,0,-6.093614501878619e-10,0.0,0.01942433814834225
S007,S014,9684.061011120131,530.8557739257812,415,1,-4.2382453102618456e-10,0.0,0.2728430932002984
S007,S015,2219.359567393417,452.918212890625,74,0,1.8690116121433675e-10,0.0,0.01569630883794012
S008,S009,5018.271158151954,338.620361328125,237,0,0.0,0.0,0.5284169635122471
S008,S010,9292.965555883093,419.0903015136719,445,1,-1.8189894035458565e-12,0.0,0.6919234115242408
S008,S011,5327.212086459548,362.91650390625,199,0,-3.410605131648481e-10,0.0,0.13998680172843608
S008,S012,7727.833673929676,309.1531982421875,344,0,-6.093614501878619e-11,0.0,0.3529396787884568
S008,S013,8054.018177176095,336.37310791015625,386,0,-1.064108801074326e-10,0.0,0.6598770108024135
S008,S014,10974.335510880504,542.4922485351562,523,1,-2.6921043172478676e-10,0.0,0.6558631489505337
S008,S015,3928.8945815969637,660.450927734375,182,0,0.0,0.0,0.5255236814740021
S009,S010,4564.124380158335,432.957275390625,209,2,0.0,0.0,0.48726285670480785
S009,S011,4325.129291185887,265.66766357421875,207,1,-8.640199666842818e-11,0.0,0.5944072035015958
S009,S012,2972.7021692344106,310.91961669921875,108,0,8.049028110690415e-11,0.0,0.02545220128835346
S009,S013,3211.1414722986206,322.2989807128906,150,0,-1.6825651982799172e-11,0.0,0.5463149136968565
S009,S014,6315.454251311689,502.7727966308594,287,0,-3.228706191293895e-10,0.0,0.4741054963490089
S009,S015,6362.737818048748,532.3267822265625,244,0,0.0,0.0,0.09728080598271609
S010,S011,5873.5549375489145,387.0433349609375,247,0,2.064552973024547e-10,0.0,0.23249647250974056
S010,S012,3951.0048267921693,423.1903076171875,152,0,4.2746250983327627e-10,0.0,0.17895407081819334
S010,S013,1378.67269834227,454.07037353515625,60,0,-6.434675015043467e-11,0.0,0.341189009363355
S010,S014,1753.1913616488307,487.5635681152344,79,0,-3.303739504190162e-10,0.0,0.4395531945852665
S010,S015,9196.058520386747,568.3262329101562,410,1,-1.8189894035458565e-12,0.0,0.35752054839755526
S011,S012,6903.503168041195,370.4505615234375,308,0,2.4647306418046355e-10,0.0,0.3563362318860292
S011,S013,5233.202722375389,328.3608093261719,188,0,-1.6007106751203537e-10,0.0,0.014026889318587782
S011,S014,7127.719193847397,568.5668334960938,325,1,1.227817847393453e-10,0.0,0.4109634024491218
S011,S015,3461.1968986279603,538.7306518554688,164,0,-2.942215360235423e-10,0.0,0.5566979040287232
S012,S013,2855.2199712455026,386.5263671875,127,0,7.084963726811111e-10,0.0,0.4161588420422066
S012,S014,5454.84442939366,481.1858215332031,180,0,3.3651303965598345e-11,0.0,0.003625781558344314
S012,S015,9317.612051281641,534.7462158203125,345,0,1.1823431123048067e-10,0.0,0.05419077376861963
S013,S014,3127.400794521079,483.26031494140625,138,1,-3.824425220955163e-10,0.0,0.39664012794653625
S013,S015,8348.97342816653,529.7706298828125,351,0,-2.510205376893282e-10,0.0,0.23923071738668547
S014,S015,10556.125917652675,578.795166015625,488,1,-1.546140993013978e-10,0.0,0.45974715305092106
