scenario,type,sorties,total_work_s,aircraft_count,work_per_aircraft_s,aircraft_utilization
V4 reconstructed,A,11,21118.82558773826,4,5279.706396934565,0.927365487779324
V4 reconstructed,B,6,11133.182841340611,2,5566.5914206703055,0.9777560303533859
V4 reconstructed,C,6,11360.487350453323,2,5680.243675226661,0.9977187272459761
Retained incumbent,A,11,21118.82558773826,4,5279.706396934565,0.927365487779324
Retained incumbent,B,6,11133.182841340611,2,5566.5914206703055,0.9777560303533859
Retained incumbent,C,6,11360.487350453323,2,5680.243675226661,0.9977187272459761
22-flight witness,A,11,21118.825587738265,4,5279.706396934566,0.679756244546466
22-flight witness,B,4,7269.519970020043,2,3634.7599850100214,0.4679712490589848
22-flight witness,C,7,13560.188563538737,2,6780.0942817693685,0.8729294926934615
