310.6,308.0,333.7,330.9,353.9,381.6,403.1,354.2,315.6,298.2,276.5,284.6,271.8,277.9,289.0,286.2,295.5,325.3,338.2,341.3,371.5,381.6,399.2,394.8,411.1,424.8,461.4,492.2,512.2,531.3,542.1,552.2,565.9,541.0,519.9,482.6,469.9,483.1,422.6,380.8,343.6,323.5,310.8,297.6,288.8,272.3,251.6,236.7,265.8,270.8,289.3,288.4,311.8,319.7,305.0,288.4,294.5,315.6,308.9,315.3,333.8,377.8,387.4,381.8,366.5,339.3,339.9,318.4,288.9,271.9,266.1,261.5,245.5,225.5,240.7,250.5,256.3,254.1,263.0,273.8,289.2,323.8,356.8,377.6,347.8,339.4,378.9,369.0,366.0,365.7,350.3,364.4,328.7,321.3,316.0,332.5,307.9,311.4,336.6,313.7,333.5,333.2,349.3,361.0,364.6,342.7,353.2,358.9,376.6,399.3,405.1,391.6,374.7,390.8,361.4,373.5,360.1,358.7,394.6,421.3,417.3,414.2,393.1,384.8,387.9,364.6,357.8,358.1,348.6,371.9,368.1,337.0,325.7,330.6,348.1,376.2,366.9
366.9,349.2,367.5,384.8,408.5,446.8,450.6,373.6,344.0,337.4,312.0,303.8,316.5,310.4,316.0,295.6,296.5,301.0,308.1,322.7,341.9,349.4,361.6,376.3,426.9,447.8,493.9,520.8,489.4,491.0,498.0,515.1,579.3,573.1,537.7,497.9,484.7,466.3,409.4,371.9,351.9,335.2,312.7,298.2,289.3,277.8,259.4,236.9,239.1,273.9,287.7,294.2,306.1,283.8,284.2,281.6,322.7,359.1,350.5,329.8,319.7,348.9,375.2,392.4,388.7,358.7,331.2,304.1,305.5,310.0,302.7,287.0,245.8,239.6,250.8,283.1,301.8,291.2,297.8,302.6,305.7,341.2,339.6,335.7,321.2,356.0,380.9,358.3,358.9,352.6,337.4,346.6,343.9,313.6,304.4,329.5,318.6,295.6,327.1,307.2,297.3,320.5,333.2,315.4,325.3,337.5,389.1,401.0,406.7,396.5,391.6,369.6,384.6,396.9,355.1,368.5,347.9,366.3,381.9,422.1,413.9,396.2,395.5,372.1,363.1,354.3,352.4,354.8,336.1,353.8,345.2,312.6,308.9,316.4,338.4,348.2,340.3
461.2,439.2,445.1,468.0,474.6,508.3,500.7,434.6,408.2,378.4,343.6,327.0,361.4,368.7,368.3,333.4,329.6,324.6,308.4,308.6,314.0,333.7,375.1,422.3,467.2,470.9,478.6,472.8,453.6,452.9,476.3,518.3,598.1,596.8,528.2,484.1,440.2,416.6,388.3,361.9,350.9,334.0,317.5,297.9,285.8,273.6,245.8,231.3,235.9,267.4,272.0,295.8,299.4,261.1,258.7,274.8,312.2,379.3,390.0,373.4,365.2,363.4,365.8,342.2,349.3,340.1,333.3,328.3,286.2,266.6,280.8,297.5,253.6,229.0,250.7,286.4,324.8,335.8,330.9,343.0,343.4,314.1,308.2,325.3,335.0,353.3,355.6,355.7,346.3,332.5,329.3,353.2,370.5,348.3,303.0,302.7,320.7,291.3,296.8,286.9,303.2,323.0,301.4,292.1,310.4,344.9,403.4,407.6,370.2,342.5,345.3,346.0,385.1,392.8,335.9,328.9,327.1,366.1,416.8,431.0,463.0,451.1,445.0,435.8,403.9,387.6,359.6,337.2,332.7,337.2,357.7,335.8,314.3,297.5,294.6,310.2,315.6
483.3,488.1,479.7,492.5,484.4,505.4,521.9,507.4,495.7,411.9,369.5,356.9,394.7,434.4,416.2,365.9,363.2,361.0,358.6,355.9,326.5,327.8,368.8,410.2,443.2,435.6,448.4,437.4,424.8,432.7,492.9,545.1,587.5,594.0,566.7,524.8,487.9,453.6,423.1,404.0,385.7,351.7,309.6,296.6,293.2,284.8,253.6,233.8,255.6,282.4,265.7,272.2,278.7,254.2,268.0,284.7,304.5,347.3,365.9,337.3,340.7,362.9,359.9,354.6,328.2,306.1,306.7,326.1,313.1,276.3,264.1,269.7,250.7,221.6,233.6,260.4,289.7,310.6,332.3,346.7,325.6,305.2,333.0,330.1,295.1,311.2,348.2,351.7,322.5,310.4,333.0,351.3,348.6,356.4,321.1,276.4,294.5,285.8,267.3,276.8,294.4,292.5,283.5,294.6,333.1,361.5,393.4,383.6,362.5,323.8,313.7,356.4,405.5,388.5,340.1,307.7,346.1,407.4,420.4,440.2,470.9,484.0,501.2,479.9,472.0,443.2,373.3,332.9,326.9,322.6,348.8,344.5,323.4,310.1,292.3,290.7,300.4
466.3,478.5,485.9,495.8,493.0,511.8,526.1,524.6,514.6,481.1,436.0,415.5,481.5,519.9,502.2,419.1,421.6,415.7,423.9,408.1,378.8,345.6,345.3,370.3,390.3,398.0,400.6,398.6,416.1,452.3,502.1,523.4,541.0,567.6,573.2,544.5,499.3,462.2,432.6,405.5,383.3,368.0,349.7,331.2,315.4,299.4,260.1,229.8,239.3,249.5,270.9,257.6,274.0,267.1,257.0,265.3,292.1,316.3,342.5,348.3,323.0,335.7,339.8,367.6,354.5,326.6,300.7,300.0,299.5,269.4,249.7,249.9,237.2,227.9,223.3,234.1,259.2,274.2,311.2,309.4,290.7,315.5,341.5,309.9,283.8,314.7,354.8,354.7,314.3,294.9,312.3,314.6,308.1,334.8,310.0,287.6,273.6,269.9,263.5,265.6,274.8,279.6,300.6,314.1,322.8,341.9,363.3,367.5,377.9,331.0,322.6,364.3,398.3,373.5,321.5,322.6,375.0,415.1,413.6,444.1,436.4,449.0,486.2,510.8,520.4,469.5,406.5,375.7,343.7,333.7,334.8,331.1,320.0,330.0,311.4,287.2,299.8
436.6,456.3,464.5,481.5,482.5,491.9,510.4,526.9,538.0,537.6,510.7,491.4,503.0,528.7,526.0,514.2,523.8,507.5,510.1,479.2,400.7,362.2,362.3,356.6,364.2,376.1,397.2,414.8,434.5,459.8,472.5,497.6,539.8,563.6,530.6,519.2,479.4,443.6,418.5,397.5,351.3,348.5,359.1,347.1,327.0,302.1,259.1,233.8,232.3,231.2,254.9,248.0,246.1,252.5,275.3,303.4,318.9,302.7,321.0,332.5,311.5,319.4,338.2,356.0,366.9,336.4,324.0,301.5,273.5,259.3,268.2,282.3,276.9,252.8,226.0,236.3,249.0,278.9,306.4,283.5,307.0,340.9,336.8,294.9,279.9,307.1,338.3,368.8,349.5,305.6,278.1,280.9,301.5,333.4,292.4,276.9,257.8,257.9,268.3,299.8,319.8,329.7,322.3,329.2,358.6,356.5,325.1,342.0,352.6,306.0,309.1,356.8,372.8,362.1,325.3,310.8,354.3,391.0,402.3,433.6,419.1,429.6,463.9,483.0,513.6,500.1,464.7,412.8,365.7,341.2,322.6,326.8,354.4,342.3,335.9,302.3,285.5
408.3,422.3,434.1,452.7,453.7,465.4,490.6,489.3,497.1,527.1,543.6,523.8,508.5,540.4,532.3,553.7,543.7,556.7,541.4,472.7,395.8,406.5,419.4,387.2,408.4,420.8,440.9,465.7,479.2,487.2,489.5,493.5,544.8,553.6,494.1,492.3,460.9,452.9,434.9,379.4,336.0,315.6,317.5,313.7,327.5,298.4,273.7,259.5,243.9,232.0,231.1,249.0,289.0,296.8,289.0,312.8,315.5,278.9,304.6,290.5,317.5,335.7,319.5,350.7,347.9,359.5,364.1,334.3,303.7,293.1,288.8,254.9,245.0,244.7,215.9,229.7,260.6,276.7,298.2,267.4,310.6,342.5,318.6,279.7,278.8,306.3,342.6,370.0,348.8,313.5,283.0,268.5,310.2,334.0,299.2,266.9,237.4,247.2,284.3,335.6,345.4,370.0,391.8,399.4,394.3,382.4,340.6,313.8,330.7,294.5,318.3,344.8,338.5,346.8,324.0,311.6,364.1,379.1,375.5,400.6,394.9,432.8,453.9,454.4,490.6,523.2,466.8,412.0,397.8,350.7,354.6,399.3,392.1,370.8,356.8,336.0,299.7
386.9,403.2,419.2,439.3,435.2,445.6,470.3,460.0,467.6,498.2,521.0,526.0,516.8,539.2,544.0,555.6,526.3,524.3,536.4,488.1,417.8,470.6,461.5,419.3,435.0,464.8,474.6,497.2,526.6,523.5,518.2,513.0,528.6,527.6,464.9,463.6,436.3,420.6,408.5,361.9,322.1,307.2,299.1,283.7,296.2,301.5,278.4,250.5,229.2,246.5,249.5,271.7,309.6,303.4,289.0,281.6,309.2,274.7,292.5,266.8,289.7,305.7,294.1,318.9,309.3,343.3,336.5,349.3,346.2,333.8,315.6,268.6,245.3,213.5,210.7,227.4,270.4,298.3,301.2,264.7,295.3,319.4,292.4,263.0,281.4,311.4,334.4,348.0,344.0,304.5,265.2,262.8,298.4,315.5,306.1,277.8,242.2,268.8,307.4,331.0,314.5,329.6,369.9,393.2,377.9,381.6,352.4,328.1,317.5,286.2,295.8,310.6,322.8,343.6,316.4,309.0,333.8,355.0,342.5,375.3,366.8,395.2,433.8,442.0,461.0,503.1,499.3,455.8,412.6,364.2,365.7,415.2,383.8,387.9,357.8,341.7,325.9
389.0,410.7,427.7,411.9,412.2,429.8,444.6,445.9,472.3,482.9,495.3,511.2,525.1,540.2,565.0,563.5,544.7,534.7,507.9,470.4,469.5,519.4,542.3,489.9,448.9,477.9,496.1,514.5,547.4,550.9,551.3,542.3,502.7,487.3,446.5,424.5,416.7,390.1,392.8,379.0,338.3,301.1,290.1,285.3,281.8,268.4,260.2,261.9,238.0,233.0,231.8,262.6,278.2,301.3,272.0,283.9,302.4,270.6,282.9,278.7,286.1,288.6,283.7,295.0,294.5,327.8,314.7,334.1,351.7,331.9,317.1,298.2,280.0,236.5,214.3,226.9,256.8,287.8,261.1,253.8,294.7,291.5,262.5,254.8,286.0,301.2,295.5,312.6,335.4,304.1,256.0,246.4,284.8,308.2,275.9,258.8,244.7,282.1,310.9,298.9,304.2,336.2,351.0,368.9,346.0,358.0,333.2,308.3,309.1,272.0,278.5,301.3,304.2,327.6,303.8,304.9,314.9,332.2,321.3,356.0,343.1,382.6,420.0,415.5,437.2,466.0,479.9,462.0,420.6,386.7,377.4,429.7,414.8,390.0,365.0,360.5,334.0
344.3,368.2,391.1,363.3,369.5,394.6,403.0,432.6,446.6,455.7,473.7,490.0,506.4,522.0,546.0,566.3,568.0,550.9,515.8,521.2,527.4,526.9,559.1,556.2,478.4,491.3,514.7,536.7,572.7,594.8,597.4,569.6,506.4,467.1,423.7,396.2,408.8,383.1,364.7,379.1,369.6,343.8,314.6,330.1,311.3,289.8,292.1,264.3,257.2,272.1,245.0,225.2,256.4,293.3,270.7,285.6,289.6,269.4,270.0,282.0,278.6,287.3,304.6,288.1,281.1,296.9,296.6,307.7,316.0,298.2,276.5,288.7,306.7,256.0,222.5,209.2,224.8,274.5,254.4,252.3,283.1,269.9,246.5,245.1,274.3,269.2,255.8,268.2,300.9,295.1,265.5,240.0,275.3,291.5,280.3,243.6,249.3,283.2,268.2,263.5,294.9,308.2,320.6,351.3,324.6,321.5,312.3,296.1,311.4,288.3,261.6,277.4,284.7,307.4,287.9,281.3,284.5,296.6,313.3,322.7,324.1,366.0,403.0,391.0,414.4,419.5,430.8,437.5,444.2,418.2,398.3,441.8,430.8,395.5,382.1,386.9,350.4
285.8,311.4,331.8,307.8,339.9,367.0,393.5,417.7,433.7,442.5,453.1,466.2,484.5,511.9,532.5,563.4,574.5,553.5,542.7,548.9,532.7,548.7,574.5,581.9,531.0,513.7,538.9,566.0,615.8,651.2,651.3,579.3,497.1,446.5,402.2,373.9,375.6,374.8,351.5,353.2,366.4,355.1,347.2,312.0,319.7,334.8,319.6,310.4,289.2,284.8,270.9,246.6,233.9,274.5,263.8,265.2,272.9,250.4,253.6,280.8,271.2,302.5,297.1,280.6,279.0,286.6,300.5,278.3,264.5,255.4,251.0,262.2,292.8,283.2,258.1,220.5,214.1,264.4,245.9,239.9,279.5,280.6,240.5,237.8,245.5,232.6,261.0,286.0,284.9,289.7,294.9,250.1,231.1,274.8,287.6,263.5,233.4,257.8,253.7,263.4,267.2,277.6,316.6,341.7,308.2,290.1,300.9,287.7,307.9,322.8,268.4,274.3,274.6,281.2,257.2,264.2,284.3,283.6,283.4,292.6,315.5,344.1,376.2,361.1,372.6,374.2,384.1,392.2,406.1,400.2,426.9,463.5,452.0,417.0,405.3,384.5,362.3
304.0,284.5,285.4,291.3,305.3,333.6,361.8,393.0,416.0,434.1,450.2,477.5,501.3,519.1,538.9,552.4,569.6,575.8,564.2,559.7,541.1,562.6,592.8,603.7,576.2,564.2,601.4,638.4,664.5,670.9,613.4,549.2,487.3,450.1,423.2,390.7,347.8,339.5,326.1,326.9,347.5,327.6,344.8,323.9,295.1,308.3,285.1,300.9,273.9,250.3,256.3,231.8,245.8,292.1,275.6,244.4,259.4,276.5,284.1,273.1,293.0,289.9,290.4,264.4,285.7,268.7,295.0,284.9,287.8,253.4,235.2,240.0,254.7,267.3,228.1,210.0,233.0,269.5,230.4,222.7,251.1,280.4,250.0,229.7,229.8,260.3,291.8,296.9,275.2,302.0,311.3,280.8,229.2,244.0,276.7,255.2,227.9,240.2,277.5,301.7,288.8,303.5,327.6,341.1,340.7,309.9,277.0,264.2,288.7,314.2,285.7,263.1,267.9,265.2,259.5,291.0,319.1,317.9,314.1,327.0,306.1,333.9,354.8,323.8,334.4,339.9,356.4,369.8,371.4,379.3,403.5,452.6,485.6,463.8,441.0,430.8,409.5
346.7,298.8,300.2,299.3,298.9,295.6,312.5,340.2,357.2,363.0,372.9,397.9,426.7,451.9,488.6,533.7,562.3,582.9,574.3,576.2,572.0,564.9,584.1,607.1,620.3,618.7,654.3,675.3,684.7,660.4,587.5,533.5,472.6,441.8,415.8,390.1,366.2,336.7,326.0,316.2,317.2,307.2,330.8,315.0,294.4,294.1,291.6,273.5,270.9,274.6,259.0,232.5,274.4,292.1,263.7,242.3,259.9,246.1,257.4,286.3,308.0,275.2,298.1,263.7,261.2,266.6,299.2,294.2,299.5,282.6,274.5,243.2,227.6,235.5,211.5,205.7,229.4,274.7,250.5,217.8,227.0,248.7,238.6,223.3,235.4,253.2,305.7,306.6,266.1,272.7,279.0,268.7,237.7,226.6,240.7,249.3,224.2,248.8,275.2,311.8,319.6,327.4,349.3,360.4,360.4,331.7,293.9,270.0,270.3,283.2,296.9,259.1,252.6,252.8,269.7,307.4,306.3,304.1,312.2,319.2,293.9,311.0,307.7,306.9,314.5,334.9,350.0,369.0,381.1,393.8,428.7,459.4,486.1,491.2,474.9,467.1,446.1
362.6,312.7,340.9,328.5,322.1,315.1,302.8,307.0,313.5,313.3,329.3,348.0,369.9,381.4,416.4,454.9,509.2,563.7,582.5,583.6,587.2,597.3,612.6,630.4,646.5,656.0,668.2,690.4,704.4,672.7,565.3,513.6,465.0,439.5,413.5,392.2,370.2,344.0,326.5,316.7,298.5,293.0,297.5,283.4,293.2,326.4,322.0,299.8,312.4,318.9,289.1,238.8,258.0,248.5,238.1,230.1,225.0,225.6,265.1,307.3,310.6,268.2,295.0,269.0,244.2,252.1,287.3,292.6,282.5,291.9,273.4,271.0,246.8,217.6,230.9,216.4,209.4,256.5,250.6,211.2,213.5,221.2,207.9,216.9,245.1,277.8,303.9,297.9,259.4,240.6,247.4,267.3,225.3,225.6,238.6,237.7,218.9,253.7,287.2,313.3,308.9,329.3,321.7,324.3,328.3,308.2,280.7,259.5,254.3,281.3,299.2,255.5,245.8,265.4,287.4,316.8,299.5,293.8,292.4,292.3,271.5,283.2,296.5,306.7,332.6,374.2,390.7,386.8,365.7,394.9,425.7,423.7,447.3,470.0,469.9,457.0,445.3
334.8,334.0,371.4,353.4,351.7,344.7,334.7,313.8,312.0,318.4,311.0,317.5,328.9,343.7,371.5,398.6,438.0,465.3,490.9,494.8,531.9,580.8,605.3,617.2,644.1,665.4,681.6,692.2,703.9,670.0,568.3,516.5,460.5,443.9,407.6,387.2,374.7,345.6,335.2,315.7,297.8,292.0,295.4,297.9,267.7,289.1,291.6,313.4,337.5,328.9,292.4,237.4,233.7,226.2,225.0,227.5,232.0,211.1,243.9,279.8,301.3,267.4,273.7,272.1,244.0,269.3,282.7,250.9,252.4,292.9,302.2,264.2,245.2,239.8,247.0,221.7,206.1,224.1,234.8,231.4,229.1,204.4,244.5,247.6,235.1,269.1,295.1,304.0,286.1,250.7,234.2,235.7,221.6,239.3,228.8,211.3,217.0,246.8,281.1,310.1,304.0,325.4,302.1,301.7,318.2,297.9,309.0,285.5,253.5,275.3,295.7,246.5,253.6,293.8,313.4,322.0,292.2,303.9,301.4,269.8,272.4,312.4,319.8,316.3,351.6,379.1,381.5,353.9,335.8,379.6,378.4,382.2,407.5,428.1,442.1,420.8,414.1
341.6,394.8,433.3,404.1,408.5,380.1,361.4,347.5,352.7,349.9,333.7,324.1,322.7,332.5,349.6,366.2,389.7,422.8,439.7,439.1,464.9,491.9,524.3,560.1,598.9,615.5,619.9,626.1,632.5,606.5,541.8,494.9,435.0,425.1,381.4,376.3,364.0,364.5,358.3,326.6,309.7,318.2,330.1,319.9,288.7,258.6,258.7,270.0,302.1,287.1,283.4,250.3,228.5,246.5,240.4,240.8,234.0,223.5,231.0,239.8,273.2,268.1,252.8,248.5,249.6,257.2,243.5,249.4,288.2,301.2,317.4,280.6,261.2,238.8,230.1,227.9,199.2,204.7,236.4,232.3,227.2,208.2,236.1,260.2,257.4,274.8,281.9,310.1,281.8,256.0,256.7,242.4,230.7,262.0,219.6,213.1,223.9,229.7,256.7,288.5,287.1,307.2,288.7,306.4,310.1,284.3,288.2,287.3,251.5,256.5,280.0,239.1,251.7,288.8,299.3,304.7,289.7,308.5,308.2,290.2,264.1,288.2,290.5,291.1,318.4,353.3,340.3,365.0,331.9,361.7,360.8,359.3,371.6,409.4,443.4,450.9,449.4
386.9,448.3,494.9,481.5,471.9,419.4,397.3,382.4,386.7,380.0,363.1,366.0,340.3,335.1,335.6,338.2,360.0,381.1,407.5,409.7,433.6,441.2,476.4,512.2,538.1,545.9,555.4,562.3,570.6,545.4,506.3,467.8,418.0,397.5,370.1,349.5,348.4,348.9,341.7,344.3,314.3,300.7,298.6,316.4,315.0,301.1,276.8,247.8,272.1,282.3,265.9,258.2,241.8,254.9,272.5,271.4,261.3,213.9,206.9,216.6,247.4,272.6,230.8,229.4,246.9,234.8,242.2,259.2,281.3,320.1,329.1,290.2,259.6,247.8,234.2,222.3,209.4,200.4,202.3,206.3,202.1,193.1,205.3,231.4,256.8,279.1,276.5,303.5,279.6,266.3,287.9,274.5,228.7,241.2,233.7,209.1,223.1,242.3,241.1,268.1,265.3,287.4,276.9,305.4,301.6,286.9,263.8,284.5,257.2,252.0,278.5,240.6,241.7,280.8,290.6,274.1,281.3,308.1,283.0,266.7,259.1,260.1,265.0,267.5,287.7,315.4,316.9,355.2,323.2,339.6,348.2,368.7,387.0,415.0,442.1,481.3,494.2
455.8,471.2,492.6,509.5,509.3,457.6,440.9,415.1,423.8,414.8,401.3,391.8,371.2,369.7,351.7,343.8,342.5,348.3,380.3,387.8,399.2,418.5,455.0,476.7,492.7,500.7,515.1,511.2,514.1,496.0,475.0,445.2,406.9,388.6,365.5,339.4,329.5,346.4,337.7,356.1,336.1,310.4,293.5,287.0,289.3,319.0,304.0,257.4,256.4,268.1,256.7,275.3,267.7,269.6,295.0,312.5,285.4,226.0,202.3,211.1,227.3,270.9,238.3,222.2,219.8,226.1,250.2,260.1,281.6,322.4,346.6,311.1,280.8,277.5,261.8,239.7,248.5,227.3,210.6,203.2,207.1,202.1,191.6,212.3,251.6,271.9,252.0,290.6,276.7,268.3,291.2,282.2,256.0,220.4,249.5,220.9,228.1,259.6,241.7,241.3,244.9,262.5,276.9,294.3,278.8,288.1,262.6,267.6,263.6,233.8,256.2,252.2,232.2,256.7,285.6,263.5,298.8,289.7,252.6,256.0,290.6,277.8,296.0,277.4,268.1,281.8,311.7,338.7,307.7,330.4,338.6,350.2,388.8,415.6,451.2,502.0,534.5
496.5,481.2,499.4,520.4,527.5,505.8,502.0,477.7,463.3,458.9,446.4,411.3,407.8,387.4,373.5,362.9,370.8,357.1,355.9,365.6,376.2,404.4,425.3,445.1,467.6,468.9,483.7,477.2,471.8,455.5,428.8,432.9,397.4,364.9,341.8,338.1,320.5,312.1,310.0,310.4,308.0,296.7,302.1,272.8,291.2,291.0,274.0,269.6,248.4,248.4,243.6,253.6,285.6,311.6,319.2,297.1,268.0,239.0,227.0,215.8,205.3,246.0,230.6,233.2,236.2,238.3,231.6,250.8,265.1,302.9,335.4,325.2,317.2,296.4,275.6,249.2,280.0,259.0,238.2,223.4,242.0,228.7,200.2,205.1,235.2,242.2,235.5,274.0,285.0,268.9,284.6,273.9,255.9,228.4,236.3,223.4,205.5,255.1,240.6,238.8,230.1,234.6,250.3,264.0,275.1,274.8,261.2,262.0,261.4,226.9,225.2,230.4,234.8,270.8,273.1,259.6,282.6,252.1,267.4,296.0,320.3,286.0,300.5,323.1,312.3,285.5,282.0,295.3,298.1,347.8,377.3,383.1,403.1,416.0,451.2,498.6,555.9
521.0,508.6,515.7,535.5,551.2,557.5,559.0,535.8,498.3,506.1,495.8,446.7,434.9,412.9,403.6,393.0,408.7,383.8,377.8,380.0,383.6,384.7,396.7,410.0,428.5,447.4,465.1,454.9,457.3,434.6,419.1,400.1,389.6,363.4,329.9,315.2,309.3,296.5,282.1,276.3,268.7,263.9,263.3,272.7,260.6,273.1,258.3,244.9,221.2,219.5,233.6,267.2,281.3,298.1,272.7,299.3,270.1,245.4,242.6,238.7,204.0,217.0,222.7,241.7,244.3,254.0,265.6,287.7,297.8,308.2,301.1,303.7,325.9,308.0,291.6,258.2,276.8,268.9,240.4,262.6,253.2,227.2,208.7,190.8,211.0,208.8,213.1,233.7,263.3,255.3,267.5,249.9,222.5,208.7,224.3,205.2,212.9,243.6,233.8,238.3,248.9,218.3,218.7,241.8,263.1,268.3,252.9,255.2,258.8,218.1,239.9,254.1,246.5,251.9,229.7,232.9,244.8,246.9,267.5,284.7,321.6,327.2,317.3,318.7,352.4,330.5,319.3,316.7,313.3,310.1,340.8,348.7,366.1,406.3,432.9,468.5,525.6
531.6,531.5,519.9,527.8,542.5,564.4,585.7,577.5,548.5,540.0,519.4,488.1,466.3,451.5,443.4,427.0,437.2,418.3,423.7,422.8,424.7,412.9,420.2,426.3,430.3,443.3,447.2,439.2,430.5,418.8,402.8,384.8,365.1,352.4,347.0,348.5,339.2,322.4,330.6,319.4,303.1,294.0,272.2,257.6,248.1,253.7,262.2,234.9,229.8,241.5,218.6,237.0,268.4,278.0,246.6,279.6,249.3,205.4,205.8,203.6,201.9,238.5,252.4,263.4,260.2,246.7,260.7,300.9,302.2,294.4,288.1,310.0,323.8,290.1,264.0,239.2,248.6,278.8,281.0,277.8,252.6,262.2,242.2,201.3,190.8,203.3,233.5,230.5,257.1,260.0,264.3,244.4,239.8,215.6,226.1,215.5,209.9,233.8,222.7,218.8,257.3,246.5,217.4,237.3,250.9,267.2,247.6,258.4,249.6,228.4,220.9,231.8,226.6,228.9,248.5,245.2,266.4,282.3,293.7,333.1,343.5,370.2,341.4,322.8,362.2,372.9,369.5,335.7,342.7,315.4,316.2,325.2,356.8,378.4,404.3,434.7,500.2
513.2,536.0,542.0,545.1,547.2,552.4,572.7,597.6,596.4,593.2,587.7,533.6,499.5,495.2,481.4,451.2,466.5,463.4,459.9,461.6,457.9,438.3,459.5,465.7,454.5,466.2,472.1,462.3,452.3,446.2,428.6,412.1,391.4,382.7,373.3,368.1,340.7,344.6,344.9,318.5,301.3,292.1,272.0,265.0,260.0,243.0,238.0,238.1,253.0,273.1,230.8,228.5,265.5,275.7,241.0,253.1,231.0,200.0,197.4,203.3,219.2,257.4,279.8,310.4,298.9,274.6,279.2,280.8,276.7,275.9,272.7,287.4,301.2,316.1,288.3,248.0,236.4,269.6,258.4,271.8,286.6,262.1,215.0,192.4,199.6,212.9,231.9,263.2,279.6,258.4,278.1,260.1,241.0,226.8,203.4,207.9,224.8,232.2,206.5,213.0,244.7,222.9,214.0,227.0,232.3,250.7,241.4,247.3,221.4,224.3,229.1,233.7,249.7,266.1,281.9,275.6,268.5,296.9,314.7,327.5,361.5,370.9,368.0,333.8,368.9,404.6,408.0,363.7,372.5,360.9,351.8,340.0,337.9,354.1,372.4,415.1,464.7
508.9,524.6,539.0,556.1,572.7,573.4,584.0,608.0,622.2,629.5,639.2,600.4,537.2,513.3,505.3,482.1,488.7,503.4,494.0,487.5,484.4,467.7,487.8,503.1,482.8,495.8,504.6,489.3,480.5,475.9,455.0,447.4,428.1,415.5,402.2,388.5,366.4,368.9,341.6,328.5,304.0,286.1,276.3,280.7,298.3,272.3,248.4,268.2,286.7,276.5,225.6,218.2,259.2,249.3,232.9,232.7,206.3,202.8,215.5,234.2,235.7,252.9,292.8,298.7,298.5,297.2,276.8,255.9,266.2,281.3,297.1,285.1,292.2,279.8,271.7,243.4,229.7,255.5,235.9,267.5,265.2,235.1,193.9,209.6,217.3,235.9,243.7,267.1,273.9,257.1,252.6,241.3,227.1,206.6,235.2,260.5,222.2,210.5,202.9,229.2,237.7,213.2,244.9,267.6,242.4,229.4,222.4,211.5,216.8,249.6,260.4,266.8,266.4,298.4,321.0,308.4,307.6,294.3,323.8,346.2,354.4,376.5,395.3,370.6,366.1,415.6,436.0,415.9,385.6,391.7,378.6,369.1,363.3,377.4,397.3,446.1,469.1
513.7,533.7,550.4,565.1,582.1,590.0,605.4,623.6,639.9,644.6,644.7,636.7,575.7,539.4,530.2,525.4,535.1,541.0,535.0,514.9,510.8,499.0,507.8,531.7,520.4,537.9,550.4,538.4,520.4,511.0,485.6,468.1,459.9,451.8,433.6,410.4,379.3,362.3,352.0,358.9,330.5,308.5,302.9,310.9,306.2,270.2,269.9,274.8,262.9,265.9,232.1,212.4,241.3,255.3,231.8,215.1,206.9,223.3,238.5,252.2,277.5,276.6,295.8,265.9,263.2,249.0,248.2,249.9,246.2,271.9,282.5,291.9,288.5,240.9,231.6,229.5,218.4,246.4,225.9,259.6,242.7,247.3,201.8,193.7,196.0,214.7,218.9,256.4,280.0,271.5,246.4,218.2,204.4,194.4,219.8,257.7,243.9,218.4,203.6,214.8,235.5,205.7,208.8,226.7,249.9,231.8,208.1,220.3,247.1,248.7,257.5,267.4,287.7,320.9,344.3,332.7,347.4,350.1,357.8,384.8,386.4,379.6,427.5,421.2,380.0,415.0,457.6,443.7,408.8,445.3,433.4,392.3,394.7,402.6,423.9,467.1,480.8
528.1,552.7,567.1,581.2,588.6,567.1,565.0,571.7,596.0,633.1,643.7,620.7,602.1,581.6,573.5,573.5,584.3,589.1,572.4,550.7,547.7,543.4,558.5,581.3,572.8,588.6,601.7,587.7,557.3,537.7,512.1,499.2,488.3,479.1,459.1,425.7,392.4,377.5,377.9,379.3,350.6,330.2,316.5,305.0,277.9,286.5,283.0,272.1,243.0,233.6,230.6,221.9,212.0,234.6,218.8,208.9,203.8,237.8,267.1,286.2,295.9,261.8,259.8,240.7,246.8,271.0,282.3,284.2,278.6,263.1,260.9,264.0,268.3,268.8,256.5,238.1,211.6,227.1,217.8,245.5,230.0,242.6,245.1,213.6,195.9,186.4,211.8,221.1,253.5,274.7,263.3,254.0,220.3,201.8,200.6,238.8,219.7,228.5,223.5,202.8,198.6,194.0,198.4,202.0,214.9,227.9,218.4,206.7,246.5,272.6,272.5,271.9,290.9,319.3,320.5,315.4,323.1,331.8,352.3,386.1,409.6,406.2,447.9,460.4,409.7,419.6,463.2,474.9,451.1,500.2,480.6,435.2,443.8,444.2,477.0,499.1,459.8
521.4,530.3,546.4,569.4,566.4,527.0,524.7,527.8,563.4,591.3,578.7,568.7,565.5,568.7,573.4,594.2,620.1,642.9,624.4,599.9,581.8,587.0,632.4,667.8,664.6,666.7,665.5,642.2,599.7,579.0,550.5,536.6,520.3,507.2,476.9,438.1,409.5,403.1,404.3,390.7,359.3,331.5,317.2,303.3,289.3,307.5,280.4,282.3,271.5,261.3,264.2,240.4,224.0,212.0,202.2,198.1,203.3,221.1,260.5,288.7,300.2,261.1,227.9,236.1,246.2,283.9,304.0,271.6,264.0,276.9,273.5,282.0,268.3,266.6,252.9,232.6,230.5,215.9,218.6,222.3,218.9,240.9,248.4,253.5,215.1,185.2,200.8,216.2,252.5,261.4,260.9,249.3,236.3,221.1,217.6,245.5,206.6,196.8,218.8,198.8,189.8,199.2,208.5,212.3,209.6,209.0,204.7,201.7,213.2,241.7,265.4,278.0,287.9,284.9,284.8,289.8,318.9,346.8,359.9,387.3,390.1,405.4,435.2,475.2,457.7,454.8,491.8,517.0,496.4,545.5,514.4,475.9,500.4,475.1,476.6,474.8,432.8
470.8,479.2,488.0,521.8,533.4,501.7,489.5,502.9,527.0,546.1,533.0,531.5,522.8,525.4,533.9,555.8,576.1,606.0,647.9,661.1,655.1,661.9,665.5,685.9,698.7,698.6,695.8,704.0,681.1,632.4,589.5,571.1,550.6,538.5,494.4,463.7,446.6,423.4,413.6,382.3,355.8,336.2,315.3,296.2,298.6,301.4,291.4,282.0,298.6,286.5,260.3,252.9,268.4,237.9,202.3,201.8,202.0,202.6,224.0,270.6,275.1,232.5,246.0,274.6,290.6,310.0,319.4,271.1,242.3,245.6,252.7,292.4,295.1,281.5,252.4,244.6,262.8,218.7,206.6,214.8,205.0,217.1,208.0,240.6,228.3,191.1,186.9,209.8,231.8,249.3,263.4,252.6,229.8,200.2,216.7,231.1,193.7,188.4,189.3,194.0,206.3,229.4,244.7,249.2,242.2,247.4,248.9,236.2,232.4,221.4,231.7,243.5,246.3,261.3,298.0,316.6,321.7,315.7,335.7,350.7,369.6,388.8,414.9,466.0,511.1,505.0,524.3,569.4,553.0,583.0,554.0,514.0,497.4,446.3,422.9,463.6,455.5
425.2,443.5,465.5,500.1,497.2,477.2,477.1,497.4,520.7,516.6,506.1,501.8,495.9,494.8,509.0,533.3,567.7,602.5,641.3,653.3,665.2,665.4,662.7,670.5,684.8,704.1,712.6,721.5,723.8,706.7,651.0,600.2,564.8,553.5,521.2,498.3,463.1,434.8,419.5,413.4,379.4,342.7,345.7,312.2,323.2,301.5,299.2,298.3,304.7,276.0,271.6,291.6,290.2,276.6,220.1,194.0,236.6,221.4,209.8,240.4,254.7,228.2,249.4,289.4,284.2,296.6,290.4,281.8,244.8,253.7,274.4,311.3,321.1,306.1,291.8,279.7,266.0,243.9,243.6,234.5,228.9,203.2,202.6,240.3,234.4,214.0,190.3,229.9,240.3,257.2,232.4,256.6,233.6,203.5,191.6,190.7,189.3,210.0,211.0,218.1,199.5,208.3,250.4,267.0,269.6,266.7,277.4,266.1,243.3,233.5,234.4,257.2,281.0,291.3,302.2,288.1,285.4,306.0,352.5,389.4,407.4,427.3,450.7,484.7,513.7,510.0,513.3,527.4,511.5,539.9,534.5,491.6,477.6,426.3,402.8,452.6,463.5
431.1,455.2,485.4,499.9,474.6,464.9,477.7,493.3,500.4,491.5,482.6,467.4,474.4,497.8,528.7,564.9,616.3,652.6,669.4,672.5,668.5,643.8,639.0,649.8,680.0,690.9,700.0,708.0,702.9,714.4,727.0,690.2,606.7,580.9,554.1,522.0,476.5,436.5,404.2,385.2,366.6,370.3,366.1,329.4,359.8,340.1,325.3,313.7,279.7,259.0,258.6,277.0,263.3,263.7,266.0,243.6,244.0,213.2,195.5,204.8,226.2,225.2,254.5,255.1,252.1,268.7,257.3,249.9,229.9,248.8,275.0,307.6,297.7,329.6,310.4,276.5,270.6,243.7,238.6,209.6,199.9,206.1,200.3,225.7,236.5,224.4,185.3,213.3,227.9,271.0,260.0,241.1,255.3,241.7,221.9,200.0,211.9,228.2,234.8,245.5,222.4,209.5,224.9,242.5,281.1,296.1,301.5,286.5,244.8,233.1,239.3,239.1,265.3,267.2,267.9,282.5,314.5,345.0,346.7,367.5,385.5,412.6,455.8,491.8,469.2,465.3,475.7,486.1,467.1,503.6,514.0,494.2,461.4,407.9,387.0,411.6,443.7
480.9,490.4,476.1,461.0,459.9,496.9,495.1,472.4,474.9,465.3,453.3,464.7,493.8,531.0,577.1,618.6,642.0,646.7,658.3,664.8,676.2,650.7,607.9,639.1,677.6,658.7,670.3,681.8,692.7,708.3,724.1,722.3,686.2,632.9,595.1,552.0,498.9,470.9,425.5,401.2,384.2,398.0,374.1,334.1,362.3,377.6,349.2,332.5,313.3,290.5,251.5,235.9,241.6,243.9,265.2,255.2,244.0,227.8,197.9,191.0,201.5,235.2,236.6,250.6,273.2,269.4,237.7,225.8,232.2,275.0,300.8,302.8,286.8,315.6,301.8,273.9,263.6,239.3,226.6,209.6,219.2,224.2,193.6,196.9,216.5,219.1,193.7,202.2,222.5,264.7,269.8,230.0,235.2,248.0,212.0,195.0,219.8,251.6,240.4,246.5,243.1,229.6,222.4,253.3,283.1,307.5,310.8,300.2,281.7,273.9,273.8,268.0,240.2,255.3,293.4,308.0,307.5,312.7,312.3,345.9,393.9,415.6,435.4,461.3,437.4,444.2,451.3,466.5,439.6,474.7,473.8,468.9,444.4,398.5,374.4,366.6,405.6
498.1,485.9,457.2,473.3,491.3,511.4,487.6,468.4,472.9,453.8,449.9,469.8,500.1,555.1,602.4,613.6,611.8,616.4,635.9,644.6,656.2,632.1,596.6,636.3,645.0,609.1,598.8,634.3,662.4,656.0,671.4,692.6,719.4,709.2,630.3,576.9,527.9,484.2,459.2,435.5,414.0,408.9,386.3,357.1,374.6,407.3,398.0,368.2,347.6,319.1,272.1,264.8,234.6,216.9,238.8,230.2,234.9,216.8,200.5,187.6,187.9,211.0,229.3,247.8,280.6,285.4,250.0,217.3,226.2,262.5,289.9,276.4,274.9,291.2,306.4,274.8,257.3,272.2,255.0,232.7,256.9,241.4,226.9,219.8,188.7,190.3,185.2,188.9,180.3,223.6,257.2,257.6,228.9,214.0,198.1,200.1,244.7,257.1,245.8,257.2,275.6,269.9,241.8,230.6,260.8,277.6,270.8,287.0,295.6,300.7,308.1,307.6,266.8,237.6,251.6,257.8,278.7,310.4,348.1,373.1,373.0,383.8,384.3,418.6,402.9,417.4,446.9,423.4,399.0,429.5,431.0,434.4,410.4,390.5,356.6,347.4,376.2
472.2,456.6,464.4,504.5,525.9,504.1,482.2,494.5,471.6,441.2,462.7,501.6,525.9,559.4,592.7,573.3,567.4,576.4,597.8,616.5,634.3,609.4,591.1,635.1,607.6,557.8,560.1,592.2,605.6,603.9,610.7,628.5,662.5,697.7,670.7,600.3,554.6,527.2,494.7,460.8,450.8,418.4,394.6,387.9,367.8,422.8,441.3,417.2,388.9,352.9,317.2,281.1,284.4,251.4,223.0,220.1,204.3,201.3,201.3,188.8,192.6,244.2,274.6,285.4,288.0,287.6,268.5,216.4,227.8,252.1,270.9,263.3,255.2,267.1,302.7,289.0,278.3,301.4,292.9,255.3,291.8,272.1,247.8,225.5,203.5,196.9,180.8,178.9,185.0,187.8,211.7,229.3,227.3,207.2,210.1,245.3,261.3,240.5,263.4,257.6,261.4,273.0,260.4,233.3,235.5,261.1,248.1,277.6,261.7,262.9,288.0,308.4,304.1,267.9,254.8,260.8,284.3,315.5,340.1,332.6,345.1,333.5,349.0,396.2,368.8,377.9,415.7,389.7,372.3,398.9,396.2,408.6,389.5,386.5,348.7,342.1,381.0
452.8,472.4,494.3,518.7,522.1,488.8,485.2,505.3,465.5,444.0,479.8,531.1,568.2,583.1,564.3,546.1,528.3,552.1,576.8,603.5,594.2,573.1,584.2,627.2,593.7,541.6,540.2,559.8,574.2,568.3,576.2,591.2,629.5,672.4,704.2,673.8,617.3,582.3,532.5,512.3,482.5,446.8,428.5,391.7,371.8,407.2,437.9,388.9,361.2,341.5,337.8,319.0,310.4,280.8,251.7,216.2,227.7,205.4,198.6,186.6,191.0,228.2,251.6,289.1,279.4,268.2,273.4,237.6,217.4,241.6,259.3,244.1,251.4,277.0,293.3,301.9,299.9,317.5,305.5,272.1,307.9,301.7,283.3,264.9,235.6,243.0,219.5,197.3,210.1,187.6,184.5,206.4,224.5,197.4,207.8,219.4,246.7,239.8,270.7,259.8,261.0,267.1,257.3,235.8,226.5,245.0,254.2,268.8,238.8,244.7,262.9,284.3,303.9,294.9,265.7,271.3,276.0,304.6,310.8,302.2,317.7,345.0,375.5,390.7,353.6,385.9,394.4,356.2,364.1,374.2,370.2,376.4,381.9,347.9,334.9,318.2,343.2
472.3,491.8,504.4,514.1,500.7,479.4,478.5,487.9,461.0,444.8,488.6,521.9,556.2,561.6,527.4,509.0,538.0,584.4,611.7,617.9,555.9,538.4,585.8,616.7,582.3,531.2,515.3,536.1,535.2,531.8,552.8,586.0,634.5,688.1,730.0,736.8,697.2,638.7,588.9,568.9,523.8,489.6,447.1,416.4,381.2,402.6,406.3,402.1,346.4,311.2,315.2,315.3,301.0,278.1,253.1,241.2,221.3,194.3,203.3,201.9,187.3,189.5,225.1,274.9,253.6,253.7,277.7,255.4,225.0,244.2,258.1,244.0,246.8,264.1,263.6,273.0,280.3,304.2,322.9,289.9,305.1,329.0,307.7,290.0,283.5,246.4,227.5,217.6,242.8,211.3,183.7,224.1,243.7,212.6,188.0,206.6,230.5,238.7,255.6,242.7,243.1,254.4,249.2,238.1,218.4,225.7,253.1,237.2,244.3,259.0,269.4,292.9,302.6,318.4,286.6,291.4,273.1,284.0,293.2,310.5,346.8,368.8,381.7,351.1,334.9,373.2,378.2,338.8,361.3,361.6,347.6,335.1,343.0,323.2,321.9,305.9,319.0
490.4,489.3,488.7,486.3,467.7,449.5,453.9,451.4,432.5,438.7,461.0,503.2,538.3,530.3,496.5,511.4,554.9,568.0,587.1,595.9,528.8,536.7,610.7,636.9,594.2,536.6,500.5,517.4,503.8,536.2,582.5,618.5,681.1,701.3,677.7,671.6,702.2,709.6,663.0,625.5,575.6,529.1,492.3,457.2,413.2,402.9,375.7,385.9,376.9,339.9,297.8,275.5,264.9,267.3,256.6,241.4,220.3,219.6,237.5,222.3,215.2,193.6,190.3,214.6,221.3,266.0,278.2,251.3,215.2,201.9,216.7,233.9,265.3,278.1,289.1,297.4,296.8,320.3,334.0,294.7,300.4,334.7,321.9,303.8,279.7,251.5,254.0,229.8,245.8,204.8,190.8,193.2,207.1,196.4,192.7,205.7,210.3,233.4,240.3,238.4,224.9,236.0,248.7,247.5,223.8,238.2,232.4,250.8,267.4,268.2,263.2,259.6,269.8,295.1,316.2,323.1,313.3,285.5,278.5,291.9,312.6,344.5,345.3,348.4,336.0,361.3,355.8,329.0,343.2,338.9,315.6,312.1,329.6,343.8,312.2,304.0,320.8
495.5,472.2,468.5,473.3,451.4,432.9,448.7,453.7,448.2,459.7,487.6,508.1,505.6,499.8,486.6,507.0,514.6,534.4,573.2,571.7,504.4,526.6,586.8,619.1,587.0,532.2,489.0,491.5,529.1,568.1,611.1,626.8,650.8,653.0,615.6,611.3,661.8,707.7,693.2,631.2,577.6,524.4,469.1,434.2,407.3,358.6,337.6,350.9,347.4,349.1,322.6,285.6,246.8,229.1,219.3,211.4,224.3,239.7,222.1,190.7,186.8,193.8,200.4,234.1,242.0,230.8,246.0,245.6,211.9,215.3,224.9,222.4,238.7,278.8,310.1,316.8,318.4,339.7,350.4,309.7,313.4,340.3,305.8,283.3,272.5,258.5,263.5,263.2,265.1,203.2,186.0,184.6,178.9,182.9,210.8,214.0,220.6,232.4,224.2,226.4,205.8,204.3,205.2,206.4,227.7,235.5,224.2,238.6,246.9,231.0,240.4,262.7,286.8,300.1,342.3,352.7,344.1,331.2,306.9,291.3,308.2,323.3,324.2,330.6,312.6,325.1,324.2,307.7,340.2,344.1,333.4,312.4,304.3,339.1,325.7,309.4,294.4
489.1,461.8,450.1,447.6,425.8,449.3,477.8,495.9,486.4,494.9,527.6,515.6,478.3,478.3,486.9,497.8,513.1,544.6,576.5,555.6,487.6,495.9,546.6,590.0,547.7,493.9,478.6,515.9,543.4,549.6,557.9,565.1,587.4,597.1,576.7,594.8,653.2,692.4,677.0,608.0,540.7,500.3,459.5,423.5,393.9,366.8,342.2,320.3,330.1,323.4,313.1,300.1,260.3,238.8,260.3,237.8,245.4,238.0,221.5,177.7,182.9,189.4,199.7,208.4,216.9,203.1,223.2,252.0,214.5,192.9,230.6,246.7,246.3,266.4,276.2,286.3,294.6,321.2,349.3,331.6,324.1,349.2,319.5,314.7,299.0,266.7,285.4,275.1,274.3,256.3,248.9,219.0,184.2,217.2,257.2,247.2,240.3,222.8,203.8,199.1,212.2,240.4,228.7,215.0,202.9,205.4,205.7,213.2,219.4,234.7,252.4,254.6,270.4,290.9,306.5,304.6,299.9,293.4,289.5,305.1,305.6,296.0,291.1,295.9,302.1,312.3,306.1,306.2,343.9,328.0,306.1,298.5,314.7,341.5,350.2,309.6,293.6
468.4,452.6,436.6,424.1,421.9,447.6,473.9,490.8,485.1,495.5,529.2,499.5,461.2,488.5,511.4,520.2,536.2,549.6,551.1,529.5,475.7,473.3,526.3,544.2,526.5,479.0,502.0,536.3,515.1,515.6,521.2,529.4,540.4,550.8,545.6,574.2,602.6,624.5,646.3,631.9,572.9,513.7,459.0,422.6,393.1,374.4,344.5,331.5,311.3,295.3,292.6,278.0,256.3,248.9,283.8,275.4,247.5,253.5,224.9,185.5,181.5,184.5,187.3,188.1,179.7,189.1,214.4,249.8,234.4,191.9,220.2,258.2,242.6,249.8,286.4,308.3,315.8,316.0,334.7,343.6,343.3,352.9,339.7,337.5,314.5,279.8,271.5,264.0,258.6,248.7,243.7,232.0,196.0,192.4,245.8,247.9,219.6,202.3,218.7,222.2,218.0,252.5,263.1,258.2,230.6,229.4,220.7,207.8,203.9,220.8,232.4,256.4,276.0,264.5,276.3,269.9,257.3,258.1,293.0,313.6,273.2,288.5,271.9,282.4,288.8,316.5,292.1,323.7,331.8,318.0,294.9,288.6,305.5,312.8,336.9,298.3,286.1
445.2,453.1,430.1,411.2,443.2,468.6,481.5,475.7,460.4,467.0,496.8,492.0,452.4,475.6,500.9,510.5,519.9,527.7,563.5,540.4,476.2,459.5,497.3,516.7,496.7,463.1,496.8,507.9,477.8,482.3,494.3,495.5,500.3,512.9,525.3,546.1,562.0,579.8,613.5,635.5,571.1,516.6,465.3,439.7,424.2,393.8,345.6,318.2,304.5,285.3,295.0,293.5,259.0,268.6,300.1,293.5,258.7,255.8,254.7,231.1,201.9,211.5,231.3,225.5,198.9,176.3,195.5,198.4,207.0,196.9,212.2,227.4,252.5,279.3,281.6,300.5,293.5,304.4,317.1,318.6,333.9,341.9,328.1,335.0,309.8,272.2,290.7,297.0,296.9,271.3,240.8,215.2,192.0,182.8,218.6,225.2,214.9,210.8,252.1,241.5,245.5,235.8,242.1,262.8,268.5,272.3,269.0,258.9,229.2,212.7,207.0,219.3,244.7,240.4,235.1,236.1,258.2,286.1,309.1,304.1,265.0,285.4,272.5,301.9,289.3,283.7,286.7,313.0,322.8,299.1,312.7,281.9,317.6,317.4,313.9,296.1,275.0
397.5,403.0,408.7,413.3,440.4,458.2,455.7,441.9,448.4,448.9,456.2,445.9,436.6,453.7,472.7,490.4,508.3,532.3,567.3,527.0,477.8,446.4,474.0,498.9,474.8,456.8,498.3,485.8,453.4,461.8,466.3,470.3,477.7,492.1,511.7,527.4,558.0,595.5,650.9,678.5,618.5,557.4,503.1,449.0,411.4,389.7,366.6,331.5,311.5,296.7,277.9,268.6,266.3,267.3,300.2,292.2,258.6,283.4,262.2,230.7,238.2,256.1,262.0,241.4,212.6,172.4,173.9,168.7,168.6,175.5,187.5,229.5,267.5,278.5,285.3,288.0,266.9,289.7,287.4,309.0,300.7,324.8,305.9,308.3,288.1,269.4,285.7,302.0,303.0,306.8,284.4,249.1,223.4,188.4,203.0,203.4,189.6,197.9,217.0,217.7,244.2,271.8,276.9,268.9,253.3,265.9,292.5,265.9,262.0,258.6,239.0,224.2,216.4,215.5,225.7,235.7,257.7,270.7,274.6,285.0,262.8,281.6,270.8,283.7,298.3,276.4,275.3,320.5,321.1,293.3,309.7,280.1,304.7,322.0,301.6,302.2,273.5
391.0,400.7,401.1,415.3,443.7,448.5,424.9,430.7,436.7,427.7,431.0,435.8,454.2,484.1,519.3,534.3,549.5,554.3,581.2,539.6,477.7,451.6,444.8,469.6,445.7,459.7,479.9,461.5,429.2,434.1,452.7,465.6,490.4,506.3,524.8,533.4,575.5,634.1,662.7,668.5,654.0,592.1,522.5,464.7,426.5,391.2,366.2,351.3,324.7,292.8,292.0,285.5,281.1,270.0,306.4,310.9,279.0,301.0,273.5,256.2,274.3,281.6,261.9,254.1,228.5,188.0,184.0,194.6,183.6,165.9,176.7,226.4,242.8,242.3,281.9,290.7,264.9,274.8,289.5,297.0,277.4,309.6,281.5,274.6,277.9,258.3,265.2,278.3,266.2,291.7,274.3,250.6,224.5,200.0,188.5,200.7,180.0,198.2,194.6,208.0,234.9,253.1,252.5,251.8,232.4,256.5,293.0,300.3,302.0,271.7,245.7,258.0,238.1,245.5,228.1,227.5,228.6,243.9,259.1,253.2,264.5,257.1,258.0,281.7,291.0,294.8,268.1,291.0,311.3,295.4,289.9,270.0,284.9,318.3,301.2,280.3,271.3
389.7,429.3,438.6,440.4,456.5,419.6,417.7,451.6,468.4,452.3,460.0,470.1,496.1,529.5,550.4,557.8,565.0,573.5,585.8,541.8,472.3,440.4,419.3,422.4,437.1,461.7,438.6,421.2,414.1,441.2,474.0,488.4,513.9,531.7,559.8,572.5,601.2,610.2,604.4,601.7,628.2,612.5,547.7,491.5,445.5,417.9,390.1,349.7,320.8,317.3,310.8,328.1,306.2,274.5,280.4,314.6,301.3,334.2,314.2,302.1,299.4,280.8,273.3,245.1,214.4,193.9,211.2,196.4,180.0,168.4,169.1,199.2,206.0,225.0,255.7,259.8,251.2,285.6,294.5,273.6,265.0,301.0,277.2,251.2,244.2,236.6,238.4,251.4,239.2,270.6,259.3,237.9,235.8,214.9,180.8,201.8,187.9,223.8,212.1,208.7,211.5,215.1,218.3,222.3,228.1,231.5,250.4,275.5,296.0,267.6,241.2,260.6,269.9,246.6,260.4,255.8,243.8,235.6,243.4,246.3,258.7,257.5,270.7,301.2,288.3,265.6,261.7,286.9,293.7,293.2,292.5,272.1,267.1,284.0,276.9,265.5,267.5
379.4,429.5,455.8,451.7,441.4,411.9,422.9,448.4,475.4,486.6,507.6,521.5,531.2,555.2,567.9,571.1,581.2,591.5,593.5,523.1,455.5,422.2,392.5,413.8,439.1,431.8,411.2,408.2,449.1,466.6,493.0,509.8,530.3,553.6,592.1,623.1,608.7,566.5,547.0,548.9,593.4,632.6,574.1,514.5,458.7,416.8,384.9,363.1,341.8,339.6,318.7,324.8,307.8,302.2,294.1,312.8,331.6,355.9,346.5,318.2,288.6,252.3,245.8,250.9,241.1,193.8,202.9,187.7,188.2,164.5,164.8,193.7,203.4,232.7,242.0,234.6,259.4,269.6,265.3,265.3,277.8,289.9,304.1,286.6,265.7,230.8,217.1,228.1,242.8,258.5,230.7,210.0,183.7,178.1,184.5,174.5,182.9,226.2,243.8,242.6,234.7,245.9,246.4,252.2,252.8,261.0,270.0,268.9,296.9,284.1,252.2,252.3,295.3,282.0,290.1,280.3,271.7,265.1,245.6,246.2,252.9,285.0,302.8,282.0,292.3,255.5,259.6,288.5,292.3,283.4,296.0,287.4,258.4,242.9,244.3,248.6,258.3
428.4,453.6,455.3,427.5,404.6,402.7,433.3,463.4,481.3,495.6,523.3,532.9,548.4,556.5,555.7,556.5,570.9,572.6,591.8,539.1,455.1,409.3,388.4,410.0,423.8,405.2,393.1,410.5,440.4,470.7,524.0,568.8,610.3,641.0,651.2,643.3,589.7,528.6,510.3,540.5,591.0,629.8,561.5,495.9,444.4,418.3,392.5,363.0,358.1,367.0,358.3,326.2,323.7,323.1,296.6,320.1,353.9,321.5,304.9,312.0,287.4,268.6,262.4,239.4,221.5,197.2,195.3,187.6,200.6,174.3,164.5,191.4,227.6,229.4,231.9,265.3,263.5,241.1,253.3,286.9,269.1,266.9,289.7,272.6,272.8,248.5,239.0,213.7,234.3,255.3,232.8,203.8,168.9,169.0,169.4,170.4,202.8,243.0,272.4,273.6,276.8,290.3,294.9,291.4,284.5,292.4,304.5,310.8,323.0,296.3,260.7,273.3,307.3,325.6,315.4,312.5,296.9,284.2,270.0,285.3,283.4,291.7,293.9,274.6,279.7,254.4,246.5,247.6,274.6,300.0,280.6,307.4,287.5,251.3,269.7,270.6,295.5
447.3,452.0,448.3,421.7,394.4,419.4,447.0,464.2,479.9,493.1,496.0,513.6,530.2,537.9,524.9,529.0,543.8,564.3,583.7,565.7,508.8,443.9,394.0,380.9,398.6,389.6,398.3,433.0,473.9,505.1,553.1,588.7,601.7,608.8,583.9,573.2,552.7,509.2,491.0,524.7,570.0,613.2,592.0,518.8,487.3,457.8,419.8,384.9,396.1,386.5,384.3,356.1,328.1,330.0,318.3,335.9,330.6,306.8,276.0,275.7,260.8,256.4,235.5,212.7,213.6,218.8,201.6,191.0,207.3,190.9,166.9,175.7,218.1,216.6,247.2,257.5,235.9,262.9,272.1,301.7,279.7,250.1,260.7,257.4,236.4,243.0,250.9,218.4,241.1,232.5,225.4,218.1,181.0,179.6,182.3,184.9,216.4,232.6,253.9,253.4,264.4,279.2,295.7,283.1,275.8,272.3,280.8,286.8,298.3,310.6,275.3,280.8,314.8,351.8,355.2,340.7,324.5,309.5,286.8,303.8,298.2,283.4,263.4,276.6,285.1,268.7,251.8,234.2,250.5,280.8,276.1,282.9,299.0,263.8,255.8,293.4,307.5
431.4,430.4,428.8,406.1,392.4,418.3,442.7,459.3,476.7,474.1,469.5,502.4,518.1,503.6,482.4,502.9,534.4,555.6,567.4,561.0,548.1,496.0,433.6,400.5,371.2,373.4,405.6,436.3,477.0,500.3,521.1,533.2,538.8,543.0,536.5,526.8,507.5,478.3,472.5,505.4,542.9,566.3,577.5,551.3,544.4,496.1,431.7,418.8,430.6,421.3,412.9,388.9,339.3,328.7,333.2,354.6,301.9,265.5,253.7,242.4,243.1,237.4,240.1,244.9,233.7,217.4,210.0,208.0,197.0,191.1,181.1,166.1,189.3,207.2,225.1,227.9,234.2,267.7,297.3,301.7,285.9,266.3,238.4,228.1,238.0,220.9,225.5,222.4,226.4,212.1,193.6,209.4,189.1,180.5,211.2,209.2,221.2,241.8,266.3,248.4,257.1,254.5,263.4,246.4,262.5,245.2,250.7,256.9,281.8,311.8,298.1,286.2,326.9,371.9,374.9,337.8,320.3,305.1,314.1,318.7,288.8,269.9,257.4,253.9,250.7,255.1,271.4,252.6,232.0,242.4,252.6,272.0,296.3,262.2,253.2,298.0,304.9
413.9,412.6,409.8,387.5,411.0,431.1,451.9,470.9,478.1,452.8,465.5,493.3,483.8,459.4,475.0,514.4,540.4,545.7,521.1,488.3,474.7,473.1,455.4,426.0,372.5,371.3,409.2,421.7,437.8,470.4,498.3,500.4,497.5,498.9,499.9,491.1,472.8,457.0,460.0,487.5,505.6,523.5,530.9,513.2,547.2,531.5,467.2,466.0,455.9,442.3,401.6,373.6,351.3,312.3,347.7,368.3,318.3,290.4,281.1,279.7,264.8,267.9,278.4,271.0,262.0,245.2,238.1,238.4,225.2,226.0,203.6,161.8,182.6,203.5,215.4,240.1,266.4,288.7,284.9,304.1,279.7,295.4,274.4,263.0,269.5,247.5,205.4,223.8,212.8,227.0,192.1,172.4,171.8,193.5,231.3,226.6,221.5,238.9,232.7,227.4,242.5,240.0,244.7,238.0,231.4,233.8,249.3,258.3,289.8,298.6,307.0,313.7,358.3,386.5,374.4,349.4,310.6,322.9,321.5,299.0,292.2,290.4,264.4,275.1,274.7,245.1,239.6,246.2,250.0,248.8,228.1,242.8,273.2,253.7,246.7,293.7,296.8
396.3,398.3,387.1,386.9,426.7,448.1,453.9,458.7,464.5,433.8,444.8,467.0,447.6,467.4,511.1,522.1,530.3,505.9,452.3,437.0,435.0,433.0,416.8,399.7,391.4,370.2,379.8,406.2,449.2,469.4,472.7,471.1,474.1,474.7,472.3,462.1,449.1,432.2,447.1,469.2,480.1,489.6,500.6,510.9,526.8,519.0,472.5,437.2,421.1,401.9,385.0,337.2,335.4,302.2,322.6,338.9,328.8,340.3,330.2,285.5,276.9,254.8,245.0,259.9,268.0,265.9,261.1,227.3,210.5,216.8,204.8,161.6,165.4,200.3,226.9,248.8,255.2,298.0,308.1,298.6,276.5,299.6,298.6,281.3,270.9,242.2,209.9,229.2,206.7,228.8,202.2,171.7,194.5,211.9,235.7,210.2,197.0,202.4,204.5,204.2,215.5,222.6,223.5,226.8,251.1,243.6,248.3,257.8,271.1,275.5,269.7,282.8,329.6,358.8,357.8,334.0,329.9,331.3,298.2,275.4,268.7,264.2,261.8,289.4,277.2,251.7,263.5,258.3,239.1,238.9,244.9,225.9,235.7,231.1,241.3,277.9,287.0
371.5,375.1,376.1,401.5,424.9,434.3,433.2,440.7,447.4,425.1,433.7,428.8,439.0,467.3,485.2,492.2,493.5,461.0,410.9,401.1,407.6,404.7,394.2,376.2,373.3,371.9,375.0,399.4,425.3,440.5,443.1,440.3,442.5,444.4,444.7,440.5,423.4,417.8,420.7,436.8,444.9,453.6,472.6,493.5,516.7,508.6,461.5,422.0,391.1,373.2,359.2,331.3,314.0,303.1,313.7,316.8,315.0,324.5,339.6,322.3,304.3,297.1,269.8,235.5,236.4,223.9,233.0,240.0,226.0,197.4,187.1,172.6,160.9,210.1,243.9,268.0,281.8,306.1,311.4,279.7,268.7,297.7,284.7,269.0,249.8,227.7,206.0,195.9,189.1,188.5,172.8,184.0,222.8,237.8,239.2,208.1,203.4,210.7,211.3,236.9,251.1,264.2,253.0,250.6,266.7,268.9,282.7,282.8,259.0,263.1,287.7,298.9,314.9,318.4,342.7,366.2,357.7,322.1,297.2,295.7,294.6,290.4,280.7,304.8,277.2,254.5,257.4,276.4,269.4,254.2,258.4,248.1,226.7,224.7,230.8,249.7,273.6
360.2,364.0,369.5,392.9,411.9,416.6,418.4,432.8,428.6,411.6,413.5,424.4,433.0,440.0,459.2,482.6,472.6,416.6,386.1,373.7,382.3,382.7,377.0,355.7,363.4,369.6,355.8,379.4,399.9,415.0,414.4,421.0,427.8,428.6,420.3,423.4,407.0,410.4,433.8,432.9,439.7,453.0,477.0,504.3,525.8,489.3,444.7,410.1,389.7,354.7,347.9,347.6,342.6,304.0,310.4,301.7,312.9,317.0,336.6,324.8,290.5,293.1,287.1,257.2,221.6,211.7,196.9,224.1,234.8,212.4,205.2,193.5,167.6,184.0,226.7,267.3,263.0,277.7,263.2,252.0,274.0,288.5,272.2,248.4,235.6,244.9,230.8,216.3,203.9,185.8,170.7,192.6,237.5,216.6,189.3,194.2,235.7,243.6,239.7,247.3,259.4,257.9,274.5,271.2,261.5,258.5,291.0,279.7,248.5,258.3,262.2,276.2,280.1,304.6,334.8,359.1,372.6,342.9,331.8,324.2,321.4,318.9,302.5,323.5,283.6,252.8,253.3,244.7,253.0,234.9,230.5,224.8,225.4,224.9,224.0,220.6,239.6
363.1,394.6,398.0,412.0,406.8,402.4,404.1,404.4,406.2,400.3,405.1,422.7,441.8,469.4,490.7,504.3,453.8,404.2,364.9,354.5,360.7,354.8,360.1,353.9,375.9,373.5,354.0,362.9,378.6,396.8,386.0,390.9,405.3,404.5,396.8,394.4,401.0,416.4,441.6,459.4,463.9,466.3,479.1,495.4,520.0,498.1,445.0,403.6,385.7,387.8,363.8,344.2,338.4,321.4,315.9,298.2,297.6,300.7,312.3,312.8,274.2,260.2,248.2,235.6,230.7,230.1,203.7,198.8,204.5,200.2,214.7,213.1,173.8,186.6,229.9,228.2,229.0,259.9,226.2,239.6,267.6,249.9,272.9,229.8,225.7,223.5,250.5,207.7,190.8,191.8,187.0,173.0,187.9,182.9,199.5,217.8,196.3,205.6,216.5,234.2,232.7,249.3,269.3,253.4,232.2,236.5,255.9,258.4,256.8,268.4,264.9,260.8,281.8,312.9,355.1,389.7,382.0,363.7,332.4,308.8,287.9,298.9,310.7,298.8,269.4,287.2,280.4,270.0,262.4,246.2,255.3,246.8,260.9,255.5,262.6,228.7,218.8
350.1,385.1,412.5,420.5,404.2,384.6,395.1,396.0,403.5,416.9,430.6,430.6,440.7,458.6,487.1,503.6,443.5,396.1,360.7,335.6,328.6,333.4,335.0,339.8,360.2,365.8,344.0,349.2,365.8,366.2,360.6,366.4,372.2,378.6,381.5,407.7,423.0,443.3,439.8,456.9,478.0,486.4,499.5,514.5,516.0,461.9,417.4,393.7,401.9,366.5,376.3,368.4,335.3,330.7,303.0,280.2,303.3,318.3,302.9,303.8,289.1,274.1,269.2,280.3,276.8,256.8,226.5,201.9,186.6,183.6,192.6,183.8,169.8,180.6,197.9,208.4,249.5,259.4,221.8,231.8,250.1,220.3,244.4,215.7,201.4,201.9,228.3,199.3,178.9,169.5,171.0,167.5,171.6,187.8,200.3,190.7,207.6,230.5,224.6,266.5,266.2,263.4,238.4,218.4,215.4,217.7,226.7,229.6,238.3,240.3,243.0,265.3,274.2,292.0,317.9,349.7,350.9,323.4,304.5,303.6,305.9,288.1,276.9,268.3,293.3,287.0,264.2,261.4,258.0,252.1,262.2,261.4,278.2,272.8,269.1,221.6,220.3
350.0,391.5,410.6,421.4,396.0,369.1,397.1,425.8,433.1,441.3,454.5,463.6,463.1,477.8,503.1,488.9,439.0,407.7,364.9,329.8,340.9,342.4,340.2,341.4,341.3,344.3,350.8,361.1,366.4,367.6,381.5,371.7,374.0,375.1,398.8,417.5,430.2,454.5,475.6,485.9,511.6,527.3,537.4,549.1,507.5,459.6,426.4,386.4,376.6,357.4,341.5,335.8,329.9,314.6,314.4,305.4,289.5,289.5,301.5,308.5,293.9,296.7,289.1,276.8,262.7,246.0,245.3,224.5,204.8,200.8,185.7,173.4,168.0,162.3,187.3,228.9,259.9,248.4,218.5,202.8,222.4,200.4,234.0,221.3,207.6,192.3,200.1,193.3,170.1,165.6,163.3,177.0,204.5,185.6,189.0,214.6,207.3,240.8,244.9,272.6,287.3,247.9,216.1,223.6,250.0,258.9,264.8,262.4,274.2,277.7,265.6,264.5,273.4,278.1,286.9,332.5,361.8,337.4,315.5,313.8,310.3,295.4,285.2,285.7,287.7,275.7,269.8,296.1,292.4,267.4,270.9,292.3,306.0,294.0,281.5,267.7,245.4
326.7,366.5,376.8,389.0,356.0,321.1,374.8,411.3,428.8,447.0,466.6,461.8,485.9,506.8,500.0,449.0,400.5,387.7,351.9,325.6,339.0,353.0,376.9,382.2,354.9,362.7,378.5,399.8,412.4,407.6,414.3,393.6,399.4,386.3,391.4,401.9,415.0,428.4,477.4,510.4,542.2,565.6,570.1,562.6,511.2,477.9,420.9,387.9,381.4,371.9,352.7,348.1,329.9,333.0,291.2,282.9,266.2,279.8,320.7,335.9,312.6,268.8,251.2,239.5,235.3,235.4,224.8,215.1,229.2,233.1,216.6,196.7,169.9,159.9,182.4,240.1,251.3,205.0,209.7,189.5,190.7,205.4,232.2,212.1,192.2,177.4,165.3,164.0,157.9,163.9,184.2,205.7,221.5,222.5,220.2,245.8,226.4,253.6,281.5,294.2,265.6,231.5,218.5,253.6,267.4,250.3,295.3,302.0,300.8,310.9,293.1,279.4,305.5,299.3,290.3,315.9,358.4,361.3,332.9,337.1,318.2,311.1,296.5,301.4,301.2,278.9,271.3,297.9,295.5,264.7,294.1,291.9,297.6,281.1,249.9,247.0,231.3
274.4,308.1,324.1,327.7,302.7,299.1,328.9,391.9,419.4,434.8,452.7,432.4,457.4,486.0,446.0,417.3,373.6,363.3,340.2,317.8,336.6,359.6,385.5,395.3,375.7,386.7,400.7,410.0,449.2,435.0,423.7,408.7,410.8,395.5,391.8,410.3,439.6,463.0,487.9,501.7,511.5,526.9,529.2,540.5,508.7,453.5,414.1,431.2,408.4,363.2,336.4,323.8,328.9,328.4,307.6,293.9,285.5,261.3,301.2,328.1,307.3,289.7,279.2,266.6,250.9,249.3,242.6,239.2,241.9,251.6,243.3,231.6,200.7,162.6,175.9,230.2,221.3,203.3,177.4,173.0,187.5,225.6,228.9,203.0,185.3,165.0,156.0,164.6,166.0,183.0,214.5,222.4,201.7,220.4,234.8,242.3,247.0,284.1,271.4,271.9,257.6,226.7,221.3,258.4,242.2,225.2,258.7,262.2,266.3,305.8,330.7,309.3,308.6,333.5,320.1,314.7,375.8,361.9,336.4,347.1,321.6,316.4,324.6,321.4,304.8,290.0,270.2,293.6,276.5,291.3,297.8,264.0,256.7,237.9,231.2,239.2,228.8
252.4,256.7,275.4,276.2,284.5,292.0,325.3,390.9,420.6,428.2,437.0,418.9,444.7,442.8,411.9,391.4,361.4,342.7,333.4,322.6,355.3,367.8,385.0,415.4,403.5,402.1,437.7,444.3,475.0,489.2,455.9,444.8,429.2,419.8,417.9,426.8,448.4,458.2,466.2,470.8,488.0,495.3,507.0,516.8,517.6,468.6,444.2,432.3,411.4,389.7,366.1,349.7,329.9,320.8,301.8,297.7,268.9,247.8,284.0,326.1,302.9,265.3,252.5,244.2,236.8,216.7,229.2,241.2,235.8,218.3,209.6,205.0,221.2,172.8,172.1,205.7,188.9,178.5,170.5,196.9,206.5,248.9,242.0,229.4,202.5,165.5,153.2,162.0,163.4,180.0,204.8,190.1,194.0,191.7,201.2,215.6,254.4,285.0,255.9,250.1,242.3,208.1,221.0,234.8,215.0,215.0,224.7,232.7,264.4,288.0,316.3,336.0,351.6,361.6,360.8,352.0,388.4,365.2,357.4,348.6,311.6,296.5,305.3,291.9,288.6,279.7,298.6,293.9,302.6,299.8,279.4,282.5,252.0,241.3,265.9,256.2,231.3
254.3,258.1,299.5,320.9,349.2,358.3,370.2,401.4,401.7,388.6,381.5,386.4,403.0,398.2,380.9,369.1,351.2,330.7,320.6,319.2,350.9,387.7,413.8,437.5,440.5,434.9,457.0,476.5,490.0,514.0,491.5,472.5,452.0,449.7,448.0,441.6,427.8,435.9,446.5,447.0,454.7,463.9,483.6,519.2,516.4,458.7,409.7,391.0,377.9,368.9,357.0,343.4,342.8,342.4,312.0,279.3,246.1,255.1,284.2,314.3,306.9,282.0,258.4,245.8,228.4,226.4,216.1,205.2,202.1,197.6,200.0,192.5,207.3,165.6,164.7,163.6,159.9,160.4,161.8,184.2,220.1,246.7,231.3,198.8,182.7,163.1,175.4,203.0,204.8,198.2,188.9,200.5,232.6,219.4,228.9,234.7,252.7,258.4,233.7,238.2,201.8,199.0,208.0,203.1,216.0,237.3,238.1,241.1,241.1,250.4,273.3,300.7,352.9,368.5,383.5,393.5,401.8,378.6,358.5,333.1,313.7,316.9,298.1,290.9,288.5,286.6,281.4,278.2,285.4,267.5,254.5,253.7,246.0,245.4,252.3,252.0,224.2
248.5,263.5,308.2,335.7,367.6,387.7,380.9,368.9,347.7,337.1,338.3,350.0,368.1,365.3,367.3,344.3,314.7,310.0,325.3,340.4,367.6,389.2,444.7,472.0,448.3,435.7,458.5,468.6,514.3,532.6,485.8,445.5,423.4,434.1,426.8,428.3,420.7,428.5,433.8,445.2,468.0,483.4,499.2,530.4,498.6,456.0,427.2,411.3,399.9,400.4,384.2,372.0,330.5,321.9,324.7,291.2,249.4,237.6,257.4,280.3,283.3,294.7,275.4,243.2,254.9,256.2,243.8,220.6,228.5,219.5,214.8,181.7,176.7,163.3,158.3,155.8,156.4,154.8,149.9,166.8,214.9,223.1,240.1,214.2,161.9,168.6,193.2,227.0,233.1,189.9,187.5,207.3,252.1,249.2,247.3,215.7,228.9,232.4,229.9,205.8,189.1,194.1,210.3,225.1,215.0,231.6,271.3,285.2,273.0,280.9,278.1,311.3,358.1,336.5,353.7,376.1,380.9,358.2,368.2,344.7,345.5,335.9,316.9,319.6,322.4,314.0,287.4,311.5,302.8,269.4,268.5,263.4,258.3,262.7,269.9,240.4,231.5
249.8,267.7,308.5,341.5,375.5,385.4,345.1,326.9,319.7,317.1,316.5,336.6,340.9,339.1,332.1,327.7,317.5,307.7,350.0,374.6,400.3,435.4,476.5,471.6,431.6,407.6,431.6,455.8,492.8,513.7,477.4,456.3,422.9,430.0,435.0,406.1,408.0,426.3,440.1,450.5,483.6,512.6,525.6,532.7,506.6,480.4,459.2,438.8,423.7,416.8,390.3,355.4,326.6,278.8,271.0,294.0,274.4,225.2,231.8,239.0,274.5,285.0,284.3,278.2,290.5,284.4,273.6,236.8,251.6,239.7,225.2,216.0,207.0,187.2,166.0,153.6,154.7,154.4,154.3,156.2,191.6,193.4,227.2,200.3,163.0,193.0,199.2,232.4,220.4,192.9,180.0,207.0,227.7,213.5,216.3,221.5,213.5,207.2,210.5,188.1,199.9,200.3,226.5,251.3,244.6,232.3,242.3,276.6,302.2,318.6,311.0,323.0,343.0,312.2,324.6,370.6,353.6,340.7,385.5,389.9,362.2,346.3,357.4,355.6,347.9,303.9,285.3,315.6,313.5,284.4,299.3,291.1,271.6,282.7,262.2,237.2,249.2
257.7,261.2,279.3,298.5,327.6,360.0,340.4,309.6,305.6,305.1,311.4,316.6,300.9,302.7,300.6,296.6,305.7,312.4,347.7,381.9,440.2,477.7,474.6,445.7,408.9,395.6,412.3,429.7,477.2,499.7,444.0,415.4,411.6,401.6,409.4,393.1,426.8,455.7,460.5,472.6,493.8,513.0,518.8,511.1,483.2,434.3,426.2,445.4,419.6,384.9,358.1,337.3,319.6,306.3,271.2,267.6,276.2,224.5,231.9,271.7,288.5,262.5,262.7,284.8,270.4,248.6,253.5,267.2,273.0,257.1,247.4,232.8,211.1,215.8,199.3,175.4,189.6,173.0,157.2,150.5,154.1,184.4,228.2,189.0,166.1,170.4,202.1,225.5,188.3,185.5,178.7,214.9,215.2,204.5,200.2,201.5,182.1,179.2,184.0,196.8,203.2,208.0,211.4,221.3,254.9,262.6,269.0,272.4,284.1,306.2,288.1,302.8,333.4,298.8,321.1,367.2,331.7,325.8,370.8,402.5,373.2,358.5,348.7,320.4,310.7,296.1,286.4,333.5,332.4,298.4,327.1,317.5,296.9,261.1,242.8,274.2,287.1
264.5,259.5,276.1,303.2,311.0,332.8,341.3,304.2,291.3,290.5,289.0,292.6,311.3,302.0,302.3,309.7,317.8,342.2,356.4,401.2,450.8,451.4,432.3,409.9,387.1,391.9,419.5,438.6,485.0,484.4,427.4,405.8,388.4,385.3,383.1,391.7,425.8,428.7,417.4,434.3,480.6,500.7,492.2,477.6,440.3,396.7,389.8,404.3,386.2,376.3,353.1,332.4,304.9,287.6,280.3,248.3,256.4,217.3,222.5,266.5,275.2,252.1,247.6,269.6,249.3,225.2,218.1,250.1,250.9,261.3,264.6,253.6,217.0,189.1,200.3,182.2,180.3,173.6,176.9,155.7,148.3,159.8,201.7,183.1,160.8,156.2,171.8,206.7,201.1,183.0,175.1,205.5,200.3,180.1,174.3,181.3,189.4,220.5,218.7,230.6,244.1,250.7,224.0,246.1,246.2,245.1,249.8,238.9,269.3,268.5,275.8,307.0,312.9,303.2,295.1,330.2,307.0,312.3,356.3,375.8,344.6,318.4,309.9,302.8,292.7,295.7,291.7,322.4,325.4,318.4,319.5,317.1,274.5,249.6,262.0,291.4,300.0
284.1,259.6,262.0,284.2,309.3,326.9,317.2,299.4,281.6,281.2,285.4,315.2,345.2,321.0,328.9,348.5,373.1,388.5,402.3,429.3,419.8,400.9,393.3,386.1,364.3,383.6,418.7,449.3,487.7,469.8,433.5,410.2,387.4,394.1,367.0,384.6,395.3,386.8,400.8,437.2,451.2,475.1,467.2,458.8,443.9,387.7,352.8,343.9,341.1,330.8,316.9,325.8,321.0,320.1,301.6,241.3,231.4,212.9,230.8,265.6,269.0,255.0,235.0,273.6,263.8,236.1,213.9,216.2,217.2,230.6,232.4,226.0,197.0,176.1,166.2,153.0,146.0,148.6,162.6,156.2,148.5,147.7,154.1,152.6,152.8,163.0,157.4,175.6,196.2,170.5,188.6,213.7,175.0,182.9,208.8,224.3,222.8,253.4,260.4,255.4,266.2,271.0,251.5,238.0,226.7,232.5,236.5,231.4,242.5,252.4,285.4,284.0,283.0,294.1,291.4,309.2,285.1,305.8,337.1,358.6,368.7,330.7,325.4,330.7,311.3,318.7,294.3,323.8,302.5,299.5,288.1,272.1,250.2,275.1,275.2,314.4,284.0
303.5,267.6,263.0,273.5,287.7,316.1,304.3,289.9,280.3,287.3,307.7,315.7,333.8,314.4,306.1,322.8,350.5,354.0,402.3,394.8,384.8,367.4,355.4,343.0,368.5,398.4,423.6,459.4,466.5,448.7,420.1,409.9,374.0,389.8,367.3,364.7,378.4,405.8,424.2,430.6,424.8,442.1,444.4,414.7,416.3,410.8,378.6,341.5,302.1,281.7,268.2,279.2,299.1,288.7,274.4,249.6,250.9,218.4,228.0,256.8,251.4,226.8,221.5,249.7,225.4,227.4,230.5,206.6,189.4,201.3,219.3,210.0,216.6,187.7,147.5,159.4,168.3,152.8,147.3,160.5,178.1,169.4,156.3,159.0,157.2,155.2,157.8,188.0,176.4,171.3,181.3,211.0,177.3,175.7,180.0,205.7,227.6,238.0,255.7,238.7,251.8,243.0,269.1,255.6,225.2,213.2,231.3,243.9,265.0,263.1,246.2,247.9,247.6,264.6,273.6,272.8,279.4,300.7,332.5,357.0,380.4,353.3,360.2,326.4,326.0,305.1,301.8,315.5,283.1,278.2,283.5,277.1,262.2,281.0,282.7,312.6,285.5
304.6,268.5,271.3,275.6,304.6,317.6,295.2,280.9,277.0,297.3,307.9,295.8,302.7,283.1,281.4,296.5,315.4,324.9,362.9,369.8,353.8,337.7,340.3,369.8,411.0,408.6,384.6,426.6,430.8,411.7,395.9,383.4,363.5,372.3,365.6,388.9,403.7,418.3,435.0,420.7,403.1,408.3,421.1,411.2,398.3,377.7,352.9,334.9,339.0,313.4,295.5,255.1,248.0,239.0,231.1,225.6,216.2,197.3,208.9,239.8,254.0,211.2,212.7,242.3,217.3,212.1,225.3,220.9,209.3,188.0,185.9,197.9,216.6,174.8,149.8,179.1,207.5,173.7,164.4,191.7,220.6,197.1,167.0,168.5,166.4,155.6,167.0,164.0,160.7,189.7,182.7,174.5,164.8,166.0,173.2,170.6,201.4,224.1,226.8,218.8,214.1,207.5,243.1,243.4,214.4,209.1,247.4,275.4,251.7,250.1,290.4,293.9,284.6,262.9,294.8,316.0,302.0,316.8,375.7,387.8,382.0,371.7,365.9,341.6,318.1,301.3,321.5,317.5,294.5,303.4,313.6,279.6,267.8,313.6,297.7,319.6,299.1
313.6,275.9,286.2,273.4,289.6,314.9,292.2,277.3,280.3,290.8,303.9,286.1,286.2,280.7,284.0,282.3,290.3,306.7,341.2,348.6,335.6,322.1,356.4,389.1,395.8,368.1,375.8,405.5,410.5,399.4,378.8,371.9,357.3,349.9,359.8,369.7,385.0,410.5,415.9,395.4,389.5,381.3,406.2,381.0,395.3,406.1,381.2,379.1,354.5,342.1,327.9,296.8,282.0,268.1,245.7,224.0,210.5,195.7,198.0,207.7,226.4,216.1,208.3,243.4,222.2,198.5,202.4,215.4,213.7,218.0,214.5,178.4,182.3,175.2,150.4,175.7,191.2,190.7,178.8,203.6,232.5,210.5,196.2,171.8,160.7,153.2,153.3,164.9,193.1,201.2,173.6,169.2,177.5,210.1,190.9,182.3,182.6,191.7,184.8,192.8,196.9,225.5,248.8,240.5,205.4,213.0,243.9,257.9,231.2,248.2,308.3,311.4,308.2,276.7,327.5,355.4,338.8,365.5,368.9,377.0,370.4,367.7,374.0,344.7,316.2,302.9,332.7,322.1,296.2,303.2,297.0,272.4,274.7,306.4,297.5,308.9,272.7
332.4,277.8,289.0,266.0,275.4,297.2,280.8,278.1,274.9,278.9,285.5,277.9,282.4,289.8,298.6,294.3,289.4,299.3,325.4,334.6,331.6,311.2,349.5,358.8,370.1,350.4,364.7,381.7,378.4,374.7,364.3,353.5,339.7,341.0,370.2,386.0,403.0,426.8,405.6,380.0,366.0,371.2,395.6,365.5,395.0,408.4,392.5,394.0,368.8,328.8,316.5,307.8,282.7,246.9,243.2,264.6,241.6,210.8,188.5,178.8,201.1,224.0,193.2,226.4,242.1,223.0,207.5,206.0,224.7,210.2,234.5,214.8,175.0,161.3,147.0,167.1,197.7,195.4,199.6,205.9,201.5,202.6,198.9,173.0,159.3,153.7,153.5,185.4,186.4,176.7,157.5,162.3,192.1,229.1,184.1,188.9,194.1,194.2,208.0,205.0,183.5,190.3,204.6,203.3,196.8,203.4,216.2,229.4,233.4,258.4,278.1,282.8,295.6,286.9,313.9,339.9,342.3,355.8,342.0,358.3,354.3,354.8,367.9,369.0,340.5,321.0,333.7,329.6,292.6,279.3,270.0,278.7,294.9,302.9,302.6,308.7,289.0
355.4,294.8,267.3,283.5,275.0,284.3,272.5,275.0,274.4,288.7,278.9,286.2,300.0,313.2,309.0,315.0,296.5,296.8,335.3,325.1,310.4,301.4,304.3,325.5,342.4,338.6,356.7,361.1,371.3,359.1,356.5,360.6,330.4,339.1,348.3,361.4,393.7,387.5,390.8,386.4,365.1,371.1,390.0,366.9,390.0,386.8,390.2,389.3,383.9,341.2,314.9,290.2,270.2,261.3,275.9,252.8,232.0,223.5,196.5,187.4,180.6,216.2,207.8,199.9,220.2,198.0,192.4,199.1,196.1,195.9,211.1,195.8,160.9,148.3,146.4,201.7,222.9,210.0,171.1,191.9,182.8,168.0,194.1,162.2,152.3,152.4,173.6,165.7,158.0,152.7,155.6,175.1,213.7,232.3,187.5,184.3,182.4,225.0,255.6,230.5,210.4,219.0,192.4,210.8,223.1,210.1,212.7,205.3,221.1,233.6,250.3,266.1,275.2,288.0,338.7,360.7,335.4,333.1,358.5,359.3,369.7,372.3,374.7,368.0,341.4,320.2,322.3,309.0,307.8,306.9,307.7,276.0,296.6,322.1,305.3,300.8,271.6
399.7,342.3,296.4,290.5,299.4,277.9,286.6,294.0,303.4,303.5,305.4,313.1,297.5,317.9,318.8,330.2,311.1,301.8,331.2,314.1,295.9,298.3,303.2,303.6,321.5,317.0,329.8,339.1,352.7,349.6,345.8,350.2,327.5,342.4,372.1,393.7,389.9,369.1,383.3,363.1,353.0,364.1,360.4,355.0,373.4,377.1,384.7,374.3,369.5,341.7,316.9,306.3,301.3,281.0,268.8,236.8,219.4,197.4,215.9,214.5,189.1,193.7,203.0,190.6,215.9,199.3,192.7,196.7,194.9,179.5,203.9,201.0,172.2,144.4,165.7,221.5,229.4,197.8,183.4,169.6,188.3,160.8,171.9,160.6,152.8,158.0,159.9,160.5,178.3,163.9,158.8,190.7,234.1,245.5,208.2,209.2,194.3,202.5,249.2,247.8,227.0,250.7,244.0,246.0,247.2,245.6,228.3,238.9,234.8,238.3,247.1,258.8,276.9,282.8,323.1,338.5,335.9,352.0,353.6,385.8,389.7,396.1,399.7,397.4,363.8,349.5,360.0,358.9,356.3,315.6,306.9,292.8,282.5,295.8,312.4,289.7,286.0
425.8,385.2,324.6,295.4,318.1,334.6,342.3,316.7,316.5,328.5,332.0,333.9,304.1,332.3,318.9,336.4,317.7,304.2,302.0,293.9,302.0,314.3,318.7,317.5,301.1,308.3,309.8,315.5,324.7,337.9,331.9,327.4,334.1,364.3,373.7,372.4,372.8,359.6,375.2,380.5,353.5,357.5,351.6,370.2,375.1,357.9,376.5,367.7,354.1,328.8,317.1,307.5,299.1,268.5,237.3,222.5,218.8,202.9,221.1,201.0,176.5,167.9,175.7,190.9,207.1,190.5,185.3,182.4,188.0,194.6,210.0,189.4,189.8,151.4,196.7,233.3,229.8,203.0,168.8,162.8,159.1,149.6,152.7,158.0,152.1,150.7,150.4,160.3,190.1,190.7,191.2,169.7,212.3,245.1,229.2,246.7,217.1,190.3,212.8,248.6,235.9,255.1,248.3,255.2,259.0,269.3,236.7,247.9,265.9,276.6,278.4,285.1,298.8,306.2,318.6,323.3,336.0,365.2,342.8,369.5,398.5,419.6,426.7,417.0,388.5,362.6,377.1,380.6,379.9,338.3,360.1,325.6,320.2,308.1,336.4,310.7,289.3
390.5,400.8,350.3,313.3,289.8,335.5,368.3,346.4,330.8,362.6,355.2,340.0,318.9,340.8,322.4,334.7,339.9,328.2,310.4,303.2,319.0,335.4,333.8,331.4,323.0,322.8,324.2,313.3,307.0,308.7,313.8,328.5,339.3,338.3,327.8,329.3,335.1,339.2,352.5,351.7,335.9,348.8,367.3,363.6,377.4,361.2,375.9,382.3,374.9,339.6,313.1,315.3,293.6,264.0,242.3,240.6,249.4,222.7,244.5,233.4,189.6,165.3,163.8,169.4,179.8,193.5,182.6,168.6,175.1,179.4,206.6,176.1,164.8,151.2,190.7,208.4,191.8,192.8,152.3,145.3,147.7,156.7,166.1,149.6,147.3,152.8,153.1,160.5,174.1,206.5,212.8,172.5,176.4,222.2,246.5,252.3,212.5,189.9,189.2,232.5,216.0,218.7,221.5,224.2,244.0,272.7,242.8,237.0,276.3,303.7,311.5,310.8,335.7,321.2,322.5,350.6,345.2,372.8,357.4,343.1,388.4,418.8,413.5,431.5,410.7,388.5,398.7,386.4,400.8,358.2,376.8,348.1,334.0,322.7,353.7,317.6,303.3
365.1,397.5,409.8,340.6,295.5,320.5,338.1,357.3,380.9,388.1,368.2,354.1,330.1,334.8,345.5,350.6,368.6,356.8,343.5,323.6,342.3,355.1,333.8,350.0,372.5,331.9,339.7,336.3,337.1,324.6,324.4,316.8,315.9,323.0,339.5,356.4,349.2,347.1,344.4,345.1,350.8,343.9,342.1,350.2,357.4,368.1,369.1,361.7,370.8,351.7,325.4,311.5,273.5,248.4,269.0,272.7,264.3,239.6,249.6,225.1,199.0,192.8,170.5,161.3,164.3,179.2,197.3,167.7,176.7,179.5,199.9,178.6,158.5,152.8,196.3,188.2,162.1,164.1,170.1,150.0,157.2,183.3,195.8,174.8,167.8,187.4,167.6,184.5,168.3,168.0,191.6,194.8,179.8,177.8,229.1,217.2,186.9,189.3,188.5,198.8,217.5,241.8,258.3,257.3,244.5,277.9,275.5,257.1,261.1,283.2,322.8,335.3,320.8,320.3,351.8,350.3,328.4,340.5,365.1,356.9,370.5,401.5,402.7,398.8,394.3,408.0,421.1,395.3,402.8,380.5,396.4,381.5,334.4,314.1,346.3,354.5,338.5
343.5,369.7,396.7,379.3,327.8,305.4,318.0,336.7,371.6,397.0,391.2,356.3,364.0,359.2,368.8,368.6,382.2,381.9,359.9,348.9,370.4,352.8,346.1,358.6,341.5,339.4,343.1,337.5,340.1,334.8,323.2,344.5,336.9,349.2,351.7,345.6,369.6,353.3,372.6,372.3,364.3,360.3,371.8,345.9,357.1,351.6,353.9,365.1,374.5,367.0,344.4,306.8,284.7,290.1,285.0,291.3,289.5,263.7,237.4,235.5,214.6,218.9,204.6,193.3,187.5,166.3,173.0,172.1,201.7,181.8,178.6,170.4,160.2,147.1,161.9,152.4,155.0,148.3,150.9,146.9,148.4,160.9,198.2,211.9,180.4,198.6,189.8,219.0,196.1,209.0,185.5,195.5,209.8,205.0,231.2,200.8,209.6,223.2,206.3,209.3,195.3,216.5,229.1,253.6,272.8,270.3,277.3,281.3,300.3,320.1,350.9,344.3,311.1,320.9,350.3,354.2,328.1,348.6,354.9,384.8,391.5,401.3,377.9,393.5,382.4,409.4,385.8,377.6,402.5,426.5,423.7,391.4,352.7,325.8,351.3,389.8,352.7
325.4,341.7,366.1,380.2,351.6,318.8,306.2,331.2,353.8,370.6,403.7,402.7,400.3,378.7,387.5,396.3,400.8,403.9,384.1,380.6,369.3,356.2,370.3,368.7,347.5,365.5,340.1,342.0,350.3,346.1,344.5,343.4,347.8,358.3,368.3,368.6,378.1,366.4,371.9,366.6,379.1,367.7,375.2,360.7,364.3,374.4,360.2,365.9,359.4,373.9,358.1,340.6,327.9,326.6,305.9,320.6,317.1,285.0,265.7,262.4,226.7,238.0,225.1,203.1,192.9,173.0,155.3,156.5,166.6,157.6,177.1,176.7,148.5,145.1,150.5,171.8,183.6,157.7,148.6,166.1,162.5,174.5,223.5,246.0,210.1,215.9,225.2,247.1,224.8,231.7,196.8,190.9,207.5,227.4,225.4,192.4,222.7,247.7,225.3,224.1,213.5,204.5,207.6,225.9,228.4,240.2,266.0,299.3,313.9,344.2,340.6,335.3,325.6,339.1,350.7,337.9,334.0,343.3,346.1,363.0,373.3,364.6,370.4,384.7,372.9,374.7,366.7,388.6,419.4,439.2,461.2,414.0,389.8,341.6,352.5,398.4,366.3
313.0,320.5,337.7,358.1,366.0,344.5,331.9,316.6,330.9,353.0,387.6,413.6,433.2,397.9,387.7,398.6,431.5,430.8,413.8,407.6,383.3,380.0,379.1,369.7,363.6,374.4,352.4,367.3,361.8,352.5,353.0,362.6,357.9,356.3,382.3,394.4,395.7,382.4,388.8,384.7,394.1,376.7,375.4,374.4,370.8,378.3,368.7,379.5,370.4,333.5,322.0,319.4,323.7,322.8,312.4,294.9,283.9,281.1,260.1,280.4,258.7,245.9,232.8,231.8,220.1,196.8,181.1,169.4,177.9,160.0,165.6,152.8,144.0,175.7,189.4,202.3,207.9,194.3,158.5,156.2,174.4,192.4,217.4,245.8,240.6,237.9,233.9,270.7,256.1,222.9,210.9,216.9,243.8,253.8,217.6,194.2,244.8,284.5,247.1,243.0,251.9,241.5,229.0,219.4,240.3,259.9,278.2,311.0,332.2,346.4,323.0,309.7,316.5,327.7,321.7,326.0,336.0,368.7,373.6,371.3,375.8,354.2,374.8,365.8,353.3,359.3,387.9,422.4,447.7,479.8,495.5,471.0,430.5,379.8,359.0,417.0,407.5
334.6,345.4,328.7,346.1,353.8,365.8,359.4,328.1,352.0,348.2,367.5,402.1,440.7,447.7,448.3,442.1,441.8,458.8,449.0,418.1,420.2,408.2,406.4,394.1,385.3,399.0,368.8,385.6,385.5,371.6,359.0,386.5,377.2,385.0,402.9,419.4,421.9,405.4,410.0,402.5,402.3,405.0,384.4,392.3,383.2,380.0,373.4,349.1,332.7,315.4,292.9,274.9,278.5,292.1,272.7,264.9,241.3,254.6,233.3,254.9,247.1,221.5,219.0,220.6,210.6,213.9,211.3,202.2,203.1,164.3,165.9,145.1,170.8,211.7,234.5,238.0,232.4,203.1,159.9,163.2,195.8,219.8,253.3,267.9,273.4,257.0,240.8,281.2,267.4,224.7,246.5,253.8,259.3,222.8,200.2,190.6,245.5,279.3,252.1,248.3,292.1,259.8,257.1,248.7,287.9,309.0,328.3,316.9,301.1,302.7,310.4,325.0,334.7,319.6,337.7,354.0,343.6,350.6,391.8,397.5,371.3,349.3,347.4,359.0,374.6,386.7,435.5,456.0,458.3,476.7,497.3,446.2,411.4,383.1,365.6,414.0,417.4
352.0,351.3,352.7,363.9,380.8,386.8,392.4,355.6,348.9,376.9,386.7,404.8,442.0,485.5,515.0,502.6,487.6,483.3,477.8,468.5,463.2,451.2,436.7,419.6,409.6,406.9,389.7,392.2,416.4,402.0,360.8,387.8,405.3,402.7,439.3,443.0,445.3,434.1,436.3,432.5,418.9,411.3,413.8,409.0,395.5,390.6,363.0,328.6,296.0,290.4,282.3,261.6,267.5,289.2,268.6,271.9,242.5,230.7,215.7,232.7,225.5,217.0,201.8,199.8,202.4,192.0,187.9,200.3,193.3,152.7,149.0,160.7,185.4,212.2,205.7,220.1,215.0,197.3,167.0,181.4,190.8,216.9,232.8,224.5,232.5,233.5,255.5,280.9,265.4,254.4,249.1,278.8,236.1,221.8,189.1,189.8,205.7,247.1,266.2,248.6,274.2,247.6,257.6,269.9,294.9,332.7,306.1,299.5,350.6,346.3,337.8,338.4,360.2,333.2,352.8,375.5,360.3,374.5,409.5,420.0,374.6,349.8,364.5,398.7,411.1,415.9,423.1,416.5,418.9,446.5,472.3,451.4,429.2,416.8,397.9,424.7,445.7
360.4,362.1,371.5,385.8,402.9,410.1,399.8,384.2,361.4,368.2,383.9,411.8,452.1,492.4,540.0,527.2,523.7,518.2,505.2,497.5,496.1,496.5,486.0,462.9,442.0,421.1,417.0,418.1,429.6,401.7,365.1,395.1,432.4,456.1,478.4,489.4,490.6,482.0,474.5,459.5,447.6,425.2,444.5,429.6,406.0,397.7,370.7,335.2,297.7,263.6,255.7,240.4,238.3,271.7,260.6,266.4,233.2,215.1,211.8,219.4,210.7,233.8,219.1,216.6,217.1,192.7,181.3,170.6,157.2,142.0,141.2,188.6,211.9,201.0,184.2,198.6,186.1,185.8,170.0,197.0,227.1,232.9,201.0,191.9,205.0,220.3,234.5,268.8,304.3,302.8,291.7,288.4,256.3,226.7,189.1,191.7,190.5,207.9,236.4,259.0,275.2,251.1,254.8,283.9,313.3,306.2,288.5,317.2,364.5,357.8,358.1,365.9,382.3,362.1,355.9,387.3,396.2,406.8,401.9,409.8,387.5,359.2,353.1,364.0,367.4,371.0,379.0,386.9,403.9,417.8,439.9,458.2,479.3,476.8,442.4,471.2,483.1
388.2,382.7,390.9,421.9,426.6,442.2,431.7,415.4,394.3,384.8,383.3,408.3,458.2,498.2,515.0,486.4,503.3,523.3,533.8,544.4,514.1,514.7,523.5,516.4,488.1,456.1,452.4,446.4,468.7,454.8,403.5,376.2,410.2,469.7,504.3,539.9,555.3,544.6,521.9,496.6,478.3,464.4,488.9,460.7,423.2,393.5,368.6,357.9,332.1,289.5,253.4,249.6,253.3,237.5,241.5,254.4,231.6,208.8,205.8,213.4,208.3,217.7,203.6,212.7,211.7,198.4,171.5,140.0,143.3,153.3,156.0,193.1,192.8,171.3,158.1,172.9,194.0,179.1,190.6,193.4,224.7,215.3,177.5,192.3,221.4,248.8,268.6,293.1,331.5,327.0,301.4,279.5,237.2,213.1,215.0,233.6,207.7,198.5,214.6,249.2,293.8,256.1,253.7,279.3,307.3,284.6,299.7,322.7,344.5,329.9,331.9,349.6,386.7,407.4,401.3,421.9,439.5,411.3,387.3,379.6,359.2,338.5,348.5,360.7,371.5,385.8,382.6,404.7,420.2,430.7,433.1,444.2,480.4,514.0,485.5,497.2,533.0
422.3,405.5,412.0,433.7,456.3,478.1,469.3,455.4,438.8,419.6,420.3,409.2,456.4,481.6,470.0,450.1,485.2,490.7,504.6,521.3,481.8,478.0,485.2,496.5,524.5,510.7,486.8,484.1,488.2,463.7,438.0,417.9,395.6,436.8,477.2,534.9,575.1,592.9,561.8,518.5,511.5,529.7,532.3,458.0,402.1,361.7,329.3,320.9,341.4,326.4,292.4,285.0,267.2,233.4,211.5,216.6,212.1,195.8,197.3,189.8,199.8,189.9,194.5,198.2,202.7,196.5,183.9,139.3,138.8,136.7,137.4,172.7,181.4,152.6,171.2,161.1,170.9,159.6,167.4,199.9,206.6,208.2,171.8,193.2,234.4,268.3,264.2,258.8,280.3,290.3,255.1,253.4,226.0,202.8,216.8,251.4,232.7,199.4,203.6,241.6,271.0,273.2,253.3,271.8,299.1,294.5,333.5,319.7,336.5,320.4,331.7,350.8,364.6,382.1,387.7,394.9,410.8,378.8,384.0,376.7,332.3,355.9,380.0,382.7,406.9,438.4,421.1,409.6,435.6,474.1,458.7,475.3,487.5,527.1,515.4,540.1,575.4
457.7,437.0,439.1,461.2,485.5,534.7,554.0,532.0,490.6,451.1,451.7,428.9,425.4,443.1,419.1,413.0,428.3,442.2,472.8,475.8,457.5,449.0,452.4,485.1,537.4,560.3,550.1,546.7,513.6,485.6,449.1,420.6,415.3,433.6,464.8,490.6,519.7,533.8,514.4,473.0,483.9,521.2,489.3,419.5,377.2,345.8,332.4,307.4,312.9,303.3,286.2,266.9,259.7,238.6,226.6,217.9,214.3,214.2,218.4,209.2,192.9,177.1,180.3,184.8,197.8,192.0,208.5,171.2,158.9,149.4,139.6,150.0,178.7,152.2,153.0,146.8,147.7,143.3,159.4,166.0,166.3,182.9,176.8,175.3,205.8,222.0,219.1,221.7,256.3,281.0,241.1,223.7,219.2,207.5,224.2,254.0,268.7,238.8,211.8,217.8,262.1,271.3,281.8,279.9,272.1,275.8,294.1,304.4,305.2,309.3,318.9,328.3,335.1,361.8,367.3,388.6,373.3,359.5,355.1,355.1,346.2,374.9,373.4,390.7,431.0,476.8,456.4,444.0,470.9,497.6,511.4,509.8,537.0,566.3,561.5,556.6,587.1
482.6,467.9,479.7,498.7,517.4,575.1,613.2,575.7,528.8,484.2,474.4,437.1,407.2,412.1,402.6,389.6,399.3,416.1,460.4,443.9,433.6,421.4,433.9,464.4,489.8,547.5,604.2,599.3,541.3,497.4,456.9,429.5,411.2,422.3,448.7,468.2,493.3,499.6,470.5,441.1,452.4,477.5,455.3,406.6,372.3,350.6,343.9,320.9,296.6,289.0,280.0,276.1,270.3,280.5,250.7,250.7,247.8,226.5,209.0,217.1,190.2,176.2,184.9,175.0,170.8,166.7,189.2,204.4,180.1,157.6,138.5,138.6,152.3,152.0,172.2,178.9,177.2,164.7,150.5,157.7,153.2,156.5,160.3,173.5,188.9,192.9,182.8,196.6,231.3,246.1,225.9,224.7,218.1,218.4,228.2,257.5,282.3,284.0,230.2,221.1,241.4,251.9,269.0,267.6,287.9,316.8,299.0,315.6,332.2,324.2,329.4,333.5,348.3,372.6,356.8,361.4,359.8,363.9,344.3,333.9,337.3,346.9,353.2,370.6,402.7,435.0,465.6,490.0,499.1,526.9,546.6,533.3,539.0,580.3,603.0,611.0,622.5
528.7,521.9,547.7,562.5,573.1,589.7,582.2,538.4,519.9,481.8,457.8,421.8,386.5,381.3,378.1,371.7,383.5,395.4,427.5,413.6,394.7,384.7,405.9,429.6,470.5,532.0,618.7,607.2,537.0,490.2,454.0,429.9,400.7,402.9,411.0,431.1,457.4,471.6,434.9,411.8,422.5,435.7,424.3,386.5,368.0,339.4,343.4,328.4,317.4,313.6,286.2,291.7,272.8,284.7,282.0,257.1,238.2,219.7,199.3,192.4,191.3,188.1,203.2,174.7,175.4,179.5,169.7,190.2,192.4,175.1,144.2,133.4,139.9,141.2,166.8,204.2,187.7,190.2,177.3,174.3,183.9,180.9,186.0,171.9,169.1,169.0,179.1,205.0,222.0,250.7,233.9,250.7,242.2,226.2,236.3,232.2,271.2,288.4,237.3,213.8,248.8,271.9,279.3,270.6,308.7,325.8,305.1,330.1,347.1,329.5,343.6,359.2,369.1,384.7,356.0,337.9,347.9,345.4,330.9,324.3,343.9,364.2,371.8,367.7,394.5,431.6,445.1,464.7,486.8,507.9,520.8,505.0,509.3,540.8,570.2,617.4,665.4
542.2,581.5,589.7,553.5,540.5,528.2,518.1,495.5,483.4,477.8,450.6,416.6,393.6,367.7,364.4,367.6,370.4,377.7,411.9,384.5,366.7,369.4,394.1,412.4,457.3,500.8,585.1,583.1,514.1,471.0,431.8,405.4,392.1,375.1,395.3,398.4,418.7,425.0,402.5,385.3,399.3,438.7,452.1,405.2,359.7,327.7,307.7,294.2,311.6,285.7,275.8,281.6,287.3,267.6,255.5,260.8,226.9,213.2,226.2,220.2,217.8,205.9,201.4,200.3,185.8,167.3,155.5,156.7,170.5,192.7,152.9,139.8,145.3,133.7,144.8,173.9,160.4,172.4,181.4,169.3,181.9,189.4,179.9,178.5,198.1,203.3,219.0,225.3,234.5,252.3,246.8,266.6,270.7,245.7,256.0,277.0,259.9,288.6,275.6,246.4,251.6,291.8,322.0,321.1,305.4,319.3,320.7,328.7,348.5,334.9,352.4,360.2,359.0,376.7,358.7,345.8,327.9,318.9,317.9,318.4,351.9,391.1,406.0,388.8,381.2,400.7,416.9,462.7,495.5,518.3,498.7,481.3,505.4,544.2,569.4,620.6,658.0
513.8,556.5,540.9,508.8,501.4,478.9,460.7,449.4,462.7,463.1,433.3,420.3,404.6,385.8,354.3,349.5,343.2,371.2,386.9,356.1,357.1,384.9,415.7,444.8,482.1,518.9,578.7,564.2,506.7,483.6,458.5,440.9,418.3,390.2,368.4,373.3,384.3,385.9,365.4,383.9,418.8,466.9,491.9,428.8,388.9,362.2,316.1,278.5,285.1,285.0,254.8,267.4,258.1,254.6,235.2,231.7,251.9,235.3,229.7,259.9,245.1,217.5,211.5,216.4,186.6,195.7,172.3,153.0,153.4,187.8,153.0,137.3,142.4,142.3,134.6,156.9,184.5,174.9,156.7,146.3,161.9,171.4,158.3,154.3,182.0,221.8,206.0,214.1,230.1,218.6,213.6,251.4,284.9,258.6,257.2,277.6,305.1,322.1,318.3,294.2,290.1,317.3,323.6,336.4,310.9,316.8,317.9,318.6,325.3,337.1,366.8,368.1,351.0,373.8,346.9,328.1,329.4,322.2,321.1,339.8,356.1,361.3,370.2,364.7,385.0,409.0,446.8,468.4,471.6,488.5,475.8,461.8,495.0,519.3,542.5,592.7,635.9
474.9,511.3,498.8,476.0,478.9,447.4,428.0,434.2,473.2,455.9,419.1,397.2,390.5,373.6,358.6,339.3,337.5,372.3,378.8,353.8,355.6,392.9,433.2,474.1,525.5,557.0,604.2,600.8,552.4,522.6,487.8,477.1,441.7,402.3,358.7,354.1,362.9,370.7,354.8,382.6,423.7,487.5,496.7,439.6,386.9,362.4,304.0,269.2,267.6,260.7,239.8,240.6,251.7,264.6,227.8,218.4,235.9,243.9,224.3,251.9,257.1,239.3,249.0,219.4,204.0,206.7,173.9,167.5,155.6,184.5,169.8,163.8,180.0,153.1,134.8,159.5,163.1,164.7,142.6,162.4,152.9,150.6,153.0,174.3,169.9,193.7,196.4,213.2,202.5,209.4,211.8,230.9,265.0,278.8,280.4,275.1,313.7,318.9,337.6,312.6,295.7,322.9,337.1,335.5,315.3,337.6,347.4,354.5,338.9,342.6,370.4,367.1,341.2,343.4,334.7,313.8,316.7,324.4,338.7,353.2,346.8,358.5,354.7,391.2,417.6,434.0,421.9,438.2,440.0,449.1,442.5,446.7,473.3,494.8,532.8,578.9,604.3
434.0,466.2,456.6,434.6,445.0,419.6,410.3,439.4,493.0,483.4,423.6,381.4,378.3,362.9,358.8,344.3,360.8,371.7,351.1,345.4,341.8,384.8,436.4,483.0,492.7,511.7,566.2,582.5,594.4,575.8,544.0,515.1,465.5,418.1,382.6,345.7,356.5,345.8,357.9,403.0,459.9,501.0,482.7,406.1,363.1,329.2,312.9,302.0,286.3,267.5,261.2,247.4,252.9,257.2,231.6,211.7,222.0,233.0,212.7,222.8,260.4,270.7,277.0,228.7,210.6,190.1,173.6,160.0,157.6,165.5,174.6,178.3,185.9,143.3,139.6,152.5,148.6,139.2,150.9,171.9,178.6,178.2,176.0,197.5,167.2,171.4,179.7,190.8,208.5,234.2,250.3,222.9,235.7,257.5,306.1,320.1,328.6,307.8,327.7,328.0,296.7,300.5,306.5,329.0,341.1,346.9,368.4,371.9,357.0,379.2,367.1,349.1,351.6,350.3,320.7,314.3,346.6,363.3,366.8,359.6,364.4,380.8,366.7,373.1,401.8,423.4,408.2,411.0,401.3,418.7,414.3,439.4,470.2,497.5,524.5,542.8,568.4
420.3,451.5,417.8,405.5,407.3,392.3,420.6,461.0,481.5,474.7,448.9,398.9,344.5,327.6,346.6,330.3,343.9,355.8,334.9,318.6,344.5,377.5,440.2,463.4,451.6,488.9,504.4,527.1,563.5,557.8,557.9,558.6,511.4,466.0,400.2,356.3,332.4,326.4,364.5,398.4,437.2,458.6,448.2,407.3,346.9,307.8,278.9,279.4,270.5,262.1,243.9,215.6,235.0,231.9,222.0,216.7,205.4,214.0,210.9,239.4,259.9,255.2,267.6,226.3,213.6,204.9,196.9,149.8,140.5,148.9,177.4,168.8,172.9,139.4,163.5,197.7,176.0,157.6,164.8,175.6,173.2,197.0,204.2,193.7,186.1,219.0,205.7,221.4,243.6,256.2,274.9,235.8,250.2,267.2,301.7,338.0,323.9,323.5,300.9,306.0,294.8,313.4,327.1,337.4,341.6,350.9,353.1,367.3,376.3,384.6,358.2,328.5,338.4,356.5,320.2,331.0,355.6,377.7,405.8,409.6,410.0,396.1,383.5,379.3,426.8,403.4,403.1,400.1,386.9,398.1,435.7,443.7,446.2,467.7,498.7,504.0,536.4
454.5,472.8,430.1,387.5,373.8,404.5,440.7,444.1,430.6,408.9,403.6,406.6,353.7,329.2,311.1,319.3,352.9,332.3,317.4,313.0,328.2,358.6,428.0,434.2,418.2,453.6,454.8,487.5,534.8,525.4,533.6,540.9,542.7,504.6,426.0,375.0,337.8,311.6,339.6,380.9,394.6,428.5,404.4,367.1,333.0,305.5,277.7,264.4,249.9,233.4,220.8,205.8,210.8,216.9,235.5,208.4,208.6,229.5,202.2,238.6,248.1,229.2,239.2,207.9,194.4,195.6,205.8,174.1,165.2,143.6,156.7,155.4,150.2,152.1,183.3,180.8,161.6,163.1,165.8,154.7,172.0,179.7,216.3,204.5,185.8,231.3,244.0,254.3,271.0,294.2,302.7,267.1,255.6,310.0,343.5,321.1,296.2,322.6,295.4,311.9,319.4,314.8,305.7,315.2,314.8,325.9,350.8,364.0,386.6,369.4,337.3,320.2,309.8,327.7,313.8,347.4,369.1,372.4,400.5,434.9,436.8,421.6,407.4,390.3,409.5,382.9,391.5,382.9,373.1,407.5,413.6,407.1,430.7,456.3,469.7,474.1,493.1
465.8,474.5,418.5,376.8,358.1,408.3,418.4,409.9,400.4,388.3,362.4,387.4,340.9,307.2,319.3,352.3,368.4,335.8,304.5,321.4,352.3,367.2,414.7,402.9,393.3,425.7,418.1,460.9,512.3,499.9,516.2,521.7,531.1,488.2,421.9,384.7,341.2,310.6,328.7,353.8,370.9,394.8,387.6,341.8,316.0,292.3,272.2,259.4,254.5,224.3,218.8,212.3,202.4,214.4,242.3,212.0,205.5,229.7,206.8,208.3,229.4,204.9,192.5,176.7,175.9,173.2,173.2,165.4,174.1,142.3,138.2,150.6,135.1,157.0,167.5,165.5,176.7,172.8,184.4,165.0,191.9,184.3,218.7,230.6,186.1,218.5,253.8,286.5,316.7,328.0,338.0,300.8,295.0,320.5,349.8,319.7,293.5,300.6,288.8,308.3,318.4,340.2,327.3,326.5,297.7,299.4,326.6,337.1,379.3,373.5,346.6,330.0,308.7,302.4,307.4,336.8,360.3,386.5,401.8,446.3,454.7,444.5,434.0,425.3,407.8,381.3,373.6,367.7,372.2,399.9,390.9,409.3,417.7,432.0,434.5,450.0,456.9
451.3,442.3,403.3,358.7,332.0,376.2,374.0,375.1,385.5,358.9,332.9,354.2,334.1,305.8,345.2,384.7,385.7,359.3,311.9,311.0,335.8,370.6,394.1,385.6,367.0,393.9,393.7,429.4,490.4,468.9,500.1,502.1,517.8,465.3,412.3,378.9,352.3,327.6,312.6,315.1,345.0,360.8,359.3,332.2,302.2,274.9,255.9,234.6,230.1,221.9,216.4,197.8,194.2,207.7,237.7,216.0,202.4,221.2,201.6,204.4,229.7,211.5,202.9,193.1,172.4,173.0,185.0,176.0,177.9,167.0,157.1,135.7,134.9,160.6,157.9,170.1,172.3,160.9,184.6,189.1,215.6,208.4,238.9,240.9,192.4,199.6,226.4,278.9,318.4,330.6,319.4,323.8,320.6,321.1,354.0,322.0,295.3,281.6,295.4,298.7,303.2,321.1,355.5,330.8,299.2,287.3,309.5,327.6,368.6,355.8,343.1,337.8,299.5,287.9,324.9,349.7,372.1,403.1,422.0,450.9,481.0,476.9,466.5,437.4,398.9,383.4,361.2,357.2,348.0,367.7,395.9,402.3,392.7,406.0,411.2,428.9,423.4
411.8,420.0,388.9,346.4,319.3,363.8,362.0,343.5,362.4,335.7,311.0,328.2,324.3,290.6,339.6,370.4,385.9,368.3,306.4,291.2,331.5,339.4,339.9,347.1,331.6,348.3,390.2,440.7,467.3,444.0,484.5,497.9,519.4,504.3,433.3,404.3,369.8,333.9,298.5,298.0,320.1,343.8,325.1,344.4,330.9,295.1,259.8,254.6,244.8,251.7,249.5,217.1,229.7,200.6,227.0,203.5,218.8,205.9,195.0,197.7,214.2,199.7,207.7,188.7,189.9,202.0,190.2,161.6,169.5,185.1,161.3,131.4,150.9,149.1,156.8,160.6,159.1,178.5,167.6,178.7,187.8,202.4,219.6,256.4,233.9,202.8,224.9,257.2,291.6,304.0,303.7,297.6,297.5,323.7,350.4,339.7,288.2,282.4,300.5,324.0,321.3,324.9,351.6,351.4,333.1,292.4,296.0,327.6,347.9,331.7,300.6,289.8,286.5,298.1,327.9,339.7,353.7,378.1,425.2,459.6,500.1,495.8,467.2,438.0,401.5,392.5,361.0,348.6,343.8,367.6,381.5,407.6,378.1,391.8,398.3,412.0,424.4
406.2,410.4,368.7,333.1,305.1,330.6,329.5,305.2,318.5,303.0,282.8,311.6,319.2,285.9,323.9,345.5,372.4,364.9,316.6,297.3,296.2,314.1,312.5,309.7,325.0,361.1,421.1,461.4,430.2,405.9,453.3,495.9,501.3,511.4,449.7,402.0,377.5,352.0,319.1,290.0,304.0,306.9,305.5,307.6,328.3,303.1,298.8,294.0,270.6,251.6,254.5,222.8,204.7,189.4,203.9,199.7,215.7,209.1,192.4,194.7,195.3,199.2,199.8,180.9,177.6,179.5,187.6,165.0,158.4,174.0,144.6,136.7,147.7,137.6,141.9,171.4,189.9,216.1,200.1,195.5,204.0,191.2,208.2,227.8,252.2,243.5,230.3,254.0,295.8,323.0,336.5,325.4,306.0,293.9,339.5,340.0,295.0,290.4,313.3,342.5,351.8,336.8,334.8,365.1,342.3,302.4,302.8,307.2,310.2,291.1,287.2,310.8,329.9,329.7,352.5,376.6,395.3,406.3,414.9,469.1,531.8,502.7,451.5,415.5,385.3,369.3,353.9,326.2,345.5,366.3,384.8,384.3,362.0,356.6,371.7,400.2,410.7
401.5,390.8,360.3,332.1,300.1,311.9,322.3,293.6,280.5,280.3,258.8,287.7,306.6,289.3,292.8,309.9,353.4,382.2,354.0,326.0,298.6,290.4,287.7,298.2,334.1,378.0,455.4,475.0,404.8,375.3,440.6,465.9,479.6,499.3,459.4,397.6,359.1,338.3,332.4,291.5,306.7,294.7,291.7,321.1,324.8,312.3,312.4,283.1,266.7,240.7,249.1,209.8,204.2,190.0,181.1,194.6,204.4,219.8,189.7,197.0,191.0,200.9,196.8,197.4,191.1,170.4,177.0,183.6,152.3,157.9,139.4,134.0,142.3,137.1,147.1,185.5,208.8,232.8,229.9,224.8,237.5,211.5,212.9,231.9,257.2,269.7,265.7,284.5,318.5,346.2,343.5,329.5,312.8,293.0,316.5,340.2,315.2,285.5,298.4,312.8,340.7,366.4,358.2,372.1,351.5,320.4,286.9,297.2,285.7,272.8,279.9,299.4,319.0,332.4,359.5,383.4,405.2,430.4,455.7,477.2,535.2,514.0,465.6,435.0,401.9,376.9,346.0,323.9,356.9,352.7,376.4,379.5,353.4,342.6,360.2,389.2,385.4
350.1,376.1,374.2,333.6,309.8,287.2,297.0,274.2,256.5,248.6,242.0,258.0,293.1,320.3,286.0,289.4,334.2,365.0,350.8,314.7,280.0,267.9,286.0,323.4,353.2,384.5,461.7,461.1,378.4,348.0,417.0,428.9,452.1,455.9,424.2,382.5,351.9,325.1,326.3,298.0,291.2,286.7,298.0,316.7,291.1,276.8,303.4,261.6,258.9,250.3,240.4,223.2,221.2,223.0,197.0,179.9,197.3,225.0,197.2,199.4,192.0,198.9,188.4,199.8,206.2,185.1,169.0,196.2,169.8,143.2,136.9,130.8,133.8,138.0,150.7,167.7,181.5,210.8,233.6,228.5,232.6,224.5,220.5,235.1,250.1,270.6,298.6,323.9,332.6,327.1,311.6,299.5,288.1,278.3,293.2,331.9,301.8,281.4,304.5,313.7,321.9,355.8,392.9,382.2,353.2,338.6,286.1,294.8,270.7,281.5,310.6,311.7,309.9,327.2,344.8,380.8,420.5,440.0,481.1,511.2,537.8,503.0,453.8,424.7,399.9,369.3,363.9,339.0,328.0,338.9,367.1,362.6,341.7,337.7,362.1,368.2,373.0
332.8,372.8,401.5,372.4,328.9,285.1,278.3,302.6,298.3,276.3,244.4,241.8,267.6,303.7,279.6,280.1,307.0,347.3,323.3,303.6,263.6,262.2,307.6,332.9,382.2,414.3,438.0,422.8,377.6,330.1,362.6,383.2,395.3,404.9,361.5,339.4,332.0,320.3,303.2,281.0,280.2,290.1,313.6,311.2,284.3,255.2,298.8,270.6,256.9,263.8,236.3,219.4,210.7,240.6,223.0,183.2,174.8,192.1,178.8,177.4,185.2,187.0,177.1,199.6,200.0,206.4,178.9,193.8,199.8,156.5,135.8,130.2,134.3,156.4,171.8,194.0,197.4,215.4,215.3,195.3,194.1,202.7,222.7,257.3,293.1,305.0,314.3,324.4,302.9,291.5,282.5,279.2,280.7,285.8,281.5,314.3,286.8,291.9,310.9,333.9,343.9,360.2,402.9,389.5,333.5,305.1,279.5,263.3,261.0,272.9,311.5,338.4,326.5,352.2,382.9,393.1,427.8,454.7,503.0,548.5,531.1,486.9,452.9,428.7,382.0,363.9,350.2,343.8,317.7,334.4,345.9,326.5,331.7,328.2,328.3,326.3,352.5
328.7,390.4,439.5,420.6,390.0,354.2,344.6,342.7,326.8,323.1,276.5,232.2,238.6,280.3,259.3,261.8,299.5,330.5,302.1,288.1,251.1,269.4,322.6,363.9,422.1,463.9,441.4,382.2,350.7,314.3,319.9,345.9,376.7,385.6,345.7,313.3,294.2,312.8,297.2,274.7,279.9,288.2,303.0,308.7,267.7,233.1,279.6,253.8,241.9,265.9,232.2,204.0,191.6,216.3,216.7,215.5,186.7,164.8,185.7,214.4,202.0,214.9,185.6,180.2,187.2,192.8,193.4,181.1,197.7,160.8,131.2,145.0,158.7,172.6,187.2,187.2,177.6,179.5,186.3,188.1,203.4,228.3,243.0,263.8,277.3,291.4,335.9,350.2,336.0,325.3,306.1,295.4,285.7,275.7,273.0,284.7,266.3,286.1,334.8,353.0,388.5,382.2,372.4,388.5,364.3,333.0,291.3,269.0,285.3,300.7,319.1,341.4,341.0,351.5,370.1,393.5,423.2,462.4,506.9,533.9,492.7,461.2,436.9,417.5,391.2,376.5,340.4,333.2,310.4,316.6,314.1,304.8,311.0,325.1,340.1,351.3,347.9
336.3,412.0,428.6,423.9,404.2,397.0,391.9,378.2,374.5,350.1,297.0,251.3,227.8,265.8,264.4,261.1,314.0,303.4,268.2,256.0,253.2,290.2,330.0,367.6,420.1,433.3,417.9,369.9,326.5,303.0,303.1,337.8,355.8,346.6,340.4,311.0,286.1,301.7,289.6,268.8,276.6,291.3,310.2,297.4,256.4,223.7,251.1,241.5,220.4,229.0,223.3,209.8,183.4,185.3,189.3,204.5,197.4,163.9,194.5,216.1,211.2,214.9,196.5,187.0,183.1,175.3,182.1,176.7,182.6,162.4,135.0,142.0,138.3,154.3,158.6,157.4,172.4,185.3,185.6,202.0,198.6,209.4,216.5,224.6,237.6,271.9,317.3,347.1,375.5,355.9,338.5,330.9,310.7,282.0,266.1,265.8,266.5,292.9,306.5,331.8,389.0,364.8,329.9,362.0,360.7,339.4,280.6,263.5,289.7,299.0,315.3,326.9,354.8,367.0,384.2,401.2,443.1,474.9,503.1,509.1,472.4,452.0,425.6,408.4,381.2,355.5,334.3,318.4,309.8,295.4,298.0,299.8,323.4,355.5,376.1,377.8,392.1
337.7,401.4,380.3,383.3,367.6,372.5,379.7,384.6,383.7,375.8,328.5,275.0,220.4,229.7,248.9,254.2,295.2,253.4,237.7,248.6,286.8,320.6,338.3,359.3,375.7,379.0,381.1,357.4,319.9,288.2,276.9,305.9,316.5,307.9,306.0,295.3,279.4,298.4,287.1,288.3,263.4,286.1,295.0,258.0,233.9,229.2,212.9,204.4,194.8,189.3,188.5,216.7,187.2,163.9,165.5,206.7,201.0,162.7,195.9,198.7,210.7,190.7,180.1,179.4,193.9,172.8,176.0,173.7,169.1,164.9,135.7,139.2,157.9,184.7,190.7,173.7,174.0,219.6,234.3,247.9,240.7,216.1,217.1,247.3,241.2,268.6,282.1,314.4,379.5,385.1,379.3,365.3,333.5,303.3,271.9,261.2,260.5,267.8,281.4,325.3,352.6,346.2,308.2,337.1,314.5,290.9,270.7,294.8,324.8,321.5,340.0,354.6,356.8,383.1,407.3,432.7,467.8,505.7,535.1,534.1,469.7,441.0,412.0,395.6,374.9,345.3,313.9,299.3,286.2,293.0,315.3,338.7,354.6,363.6,410.1,408.0,433.6
338.2,367.3,336.3,332.8,332.9,324.7,338.0,348.1,344.4,341.9,342.2,323.0,256.3,221.2,217.3,232.0,275.1,241.0,276.4,299.2,334.1,325.0,308.1,322.1,342.3,345.9,347.6,330.9,295.5,268.3,274.7,293.6,276.8,272.8,294.5,271.6,267.8,287.3,271.3,260.4,265.3,294.1,286.5,261.1,234.5,231.0,227.4,206.3,202.9,212.6,203.0,188.8,203.4,189.3,161.5,191.8,194.6,152.0,171.4,202.5,191.9,162.0,180.0,171.9,164.9,159.5,160.1,142.2,143.0,141.8,136.2,126.9,144.0,181.5,202.2,205.0,173.7,212.9,247.4,272.3,279.6,255.6,218.7,258.3,240.1,258.8,289.1,345.4,371.1,356.4,367.8,390.8,364.0,339.6,311.3,294.6,265.1,259.4,304.4,326.8,315.6,316.3,294.7,317.7,306.2,268.5,296.5,330.8,358.8,363.6,350.8,377.6,387.2,406.0,417.1,442.3,501.3,511.9,534.2,529.8,481.2,432.2,397.3,373.5,343.9,325.3,298.5,276.2,299.9,353.2,382.0,400.0,396.1,403.1,447.2,476.1,502.9
319.5,336.8,313.6,291.5,291.6,299.8,310.4,311.7,312.7,297.9,286.5,296.9,281.7,215.6,202.3,214.0,263.8,238.0,275.3,270.9,280.2,271.4,274.0,278.1,291.7,308.3,309.5,293.2,284.5,262.4,260.8,273.7,252.5,259.2,258.9,264.2,247.0,250.1,251.0,254.0,265.6,266.4,269.1,255.2,234.8,216.9,214.6,220.0,217.2,240.5,205.0,176.0,166.5,160.1,158.0,171.0,189.4,159.1,160.4,178.1,156.2,148.4,151.5,158.7,155.0,145.0,138.2,129.8,128.2,129.4,129.6,132.5,157.8,172.2,174.6,195.6,186.7,202.0,219.8,253.6,278.8,274.8,231.7,250.7,268.8,297.2,314.5,356.5,362.4,317.9,331.0,359.3,327.9,320.3,313.8,304.6,261.4,256.3,294.8,311.1,284.5,290.1,266.7,278.2,268.6,259.4,283.2,297.9,325.5,354.5,378.5,398.0,416.4,440.9,470.7,462.2,463.8,469.0,499.7,518.0,491.8,449.7,405.1,372.4,326.0,293.3,268.7,286.2,337.2,391.8,437.3,452.6,440.2,456.1,501.6,525.0,540.4
309.5,311.9,303.1,266.6,269.8,300.5,282.2,281.3,266.6,261.4,236.3,247.4,254.8,207.2,213.0,235.3,273.8,237.6,229.7,227.1,224.1,216.9,232.1,240.6,254.5,270.7,268.2,265.8,270.3,262.9,251.6,252.8,256.5,252.6,260.2,273.2,242.9,262.1,258.7,278.5,281.3,280.4,280.1,269.1,234.7,218.7,243.1,217.6,200.9,213.5,192.9,185.4,181.7,180.9,185.2,151.9,158.8,157.5,159.3,188.2,176.5,147.9,150.2,154.1,144.1,134.6,133.1,127.6,127.6,135.6,135.7,162.7,164.5,194.1,192.4,210.1,198.2,206.5,228.1,250.7,265.8,271.0,237.0,236.7,252.9,282.6,326.8,369.1,348.7,317.2,304.8,331.7,300.3,288.9,280.7,276.9,251.5,255.3,272.5,310.3,293.8,269.6,249.3,248.2,250.2,270.5,310.7,322.9,348.3,348.2,383.7,431.4,459.4,470.3,471.3,453.1,433.2,427.6,451.8,492.5,479.1,459.1,408.8,363.7,310.3,271.3,282.9,311.0,358.4,402.5,445.8,472.0,495.1,507.8,507.5,488.2,511.4
301.6,275.7,264.1,245.2,282.2,292.8,259.1,233.1,228.6,223.3,205.9,204.2,212.9,203.2,219.7,248.0,288.1,266.5,224.1,206.3,198.5,199.4,205.0,210.9,221.8,236.7,239.2,249.9,269.7,246.6,240.6,245.9,261.2,244.1,267.9,267.8,239.9,254.6,265.9,292.5,294.9,282.8,294.6,258.9,226.2,238.9,254.1,211.0,188.2,187.6,211.1,209.4,190.2,175.2,183.9,148.9,154.1,186.2,171.2,183.8,177.6,153.7,153.8,131.6,123.9,125.0,125.2,124.6,135.4,161.4,147.6,189.3,185.6,174.3,205.1,232.5,223.1,219.2,221.4,261.0,296.1,275.4,248.2,251.4,258.7,284.0,313.9,361.5,330.8,301.6,290.4,293.5,284.3,271.8,266.9,264.0,272.8,246.6,266.4,308.1,299.3,259.7,244.4,253.8,293.7,315.5,342.2,368.0,396.3,390.6,416.5,468.1,505.3,472.2,430.0,412.0,404.2,392.9,401.6,447.5,460.6,444.5,393.5,326.8,284.2,266.3,298.5,305.2,324.6,347.7,377.5,435.0,513.2,496.3,444.9,437.1,501.6
287.4,250.5,221.4,247.0,290.5,264.1,223.7,209.9,203.7,193.1,176.3,168.7,170.1,183.5,201.1,235.4,262.8,219.2,212.4,210.3,196.2,215.2,214.5,203.1,204.8,211.5,222.3,240.9,256.9,244.5,227.7,228.9,235.7,244.7,266.0,247.5,233.8,257.9,280.9,268.8,300.8,284.7,281.0,251.4,225.5,254.5,250.1,215.4,200.5,172.6,185.0,163.6,156.7,154.5,150.9,144.2,164.2,191.2,158.5,169.6,155.8,144.7,157.5,132.4,126.7,143.0,157.3,162.1,174.9,167.5,151.1,176.8,196.1,191.7,182.9,222.8,234.4,251.4,246.3,243.3,283.9,277.2,274.9,270.6,263.6,273.9,304.4,342.4,325.1,332.1,309.8,294.3,293.9,291.0,291.2,288.7,269.1,247.2,262.9,272.1,281.3,267.9,244.3,275.6,347.5,369.0,389.7,404.5,424.4,433.3,458.5,493.8,500.7,472.8,426.4,394.2,374.5,363.6,373.0,392.2,416.2,418.2,400.8,345.0,290.9,252.8,241.3,241.3,268.8,302.0,351.3,415.1,472.4,458.6,397.1,403.5,479.4
237.6,238.3,218.4,241.4,263.2,235.2,206.2,192.8,174.9,167.5,170.0,184.4,173.4,192.4,213.0,205.0,203.2,192.8,199.8,203.8,225.8,242.3,262.0,236.0,225.9,218.6,211.4,216.5,228.7,220.8,220.8,224.6,231.8,243.0,242.1,231.8,244.1,256.6,253.4,279.4,292.0,290.0,281.2,253.6,234.0,268.7,237.2,223.9,198.9,176.5,166.7,186.8,172.9,190.2,180.6,149.1,156.4,179.2,170.3,152.0,171.9,144.7,135.6,132.2,124.4,163.2,185.3,213.0,205.2,199.1,187.0,196.5,202.3,204.8,220.9,223.1,252.1,258.5,271.4,270.0,302.8,310.9,303.6,295.1,305.9,294.4,334.8,339.2,330.5,346.3,314.2,329.6,311.0,304.5,294.2,265.0,262.0,246.2,236.2,234.6,237.5,238.1,245.8,278.1,322.3,332.8,353.7,357.6,363.8,392.2,433.5,436.7,459.7,455.5,411.1,387.3,358.7,337.8,337.8,347.9,363.5,360.8,377.1,395.8,349.6,303.2,274.3,242.0,245.4,300.2,355.8,405.4,417.8,403.5,361.3,369.0,408.9
194.2,201.4,213.8,224.6,238.9,223.2,191.3,181.9,163.8,168.1,198.3,186.8,175.6,202.4,191.6,190.9,193.5,204.9,230.4,245.4,262.2,281.4,302.8,276.0,263.9,257.1,236.9,219.0,216.5,225.5,231.9,233.3,233.3,229.5,235.3,248.2,252.6,276.2,256.9,254.2,266.5,293.8,291.6,272.6,248.4,275.2,253.6,237.8,222.4,195.9,184.9,179.0,190.6,204.4,185.5,152.5,157.8,165.5,167.7,178.8,169.7,144.2,127.0,123.9,128.6,161.2,191.8,234.7,243.8,225.6,228.6,242.7,234.2,233.9,269.5,273.8,288.9,280.3,298.2,294.3,313.1,340.6,327.7,334.4,340.2,326.8,365.2,359.5,356.3,350.7,338.9,336.3,333.0,328.0,301.6,288.5,276.2,261.7,261.7,244.2,234.3,233.1,253.4,282.6,299.0,296.6,326.3,315.3,345.0,370.7,390.6,387.5,445.3,461.1,430.6,408.4,380.1,349.7,327.5,311.8,323.1,319.5,335.9,386.6,402.8,370.7,313.0,259.6,232.9,291.3,357.4,363.3,365.6,356.9,326.6,347.5,387.8
170.3,199.9,203.2,201.0,206.8,177.4,162.4,163.3,164.0,185.0,214.4,188.2,177.4,181.5,178.1,199.0,239.8,249.1,271.4,299.2,327.8,344.4,361.3,323.9,289.9,265.7,264.4,254.4,233.5,244.6,254.5,258.9,251.0,267.7,254.2,279.1,256.2,270.0,283.5,258.1,259.3,286.9,297.2,277.8,266.6,288.2,274.7,252.6,237.7,202.0,187.6,180.9,191.5,179.4,166.2,146.6,150.0,172.0,156.8,185.4,163.6,135.1,121.2,137.0,141.4,149.8,190.8,210.1,225.8,207.1,221.7,248.7,253.8,262.6,278.2,321.9,341.3,330.7,341.2,336.9,357.6,381.2,368.3,375.7,384.4,382.8,390.1,379.7,390.7,376.7,371.2,353.3,346.3,354.8,328.1,303.7,292.3,303.2,288.5,265.1,240.2,242.8,231.0,248.3,275.2,268.8,298.9,289.7,323.9,316.3,336.6,349.1,415.9,468.4,457.3,434.2,403.3,374.9,348.2,309.4,287.7,278.6,292.9,334.7,367.5,359.1,289.8,222.6,239.3,294.8,348.1,326.2,310.1,304.4,295.9,321.6,373.5
175.6,174.5,183.5,175.9,177.9,162.4,173.4,192.2,204.2,229.3,237.2,211.4,187.6,179.8,184.4,204.0,259.6,294.8,341.7,358.8,370.4,373.7,372.5,339.0,287.8,263.2,252.0,254.8,231.9,255.0,263.9,261.3,251.9,270.4,270.6,280.7,283.0,265.6,292.5,293.5,258.0,257.2,297.4,312.4,303.6,309.5,292.1,275.3,259.0,217.3,198.9,201.7,195.8,153.2,156.5,145.9,143.4,161.5,154.0,173.9,180.2,163.9,133.0,126.1,128.7,163.3,195.9,191.5,198.2,192.3,202.4,221.4,227.9,228.1,237.4,283.6,334.6,382.7,412.0,400.0,425.8,425.2,426.7,436.1,445.8,420.4,385.3,384.4,410.8,409.4,404.1,383.3,380.7,386.5,339.1,337.0,318.2,305.5,309.7,290.2,279.2,264.8,226.2,224.9,240.1,246.3,265.2,271.1,287.4,274.6,292.6,332.3,388.1,447.2,491.3,471.3,421.4,384.2,339.9,324.2,318.0,288.7,257.9,278.2,320.5,331.9,287.5,219.8,239.5,285.8,325.4,300.1,273.5,265.7,274.8,291.0,312.3
216.8,173.4,157.6,152.4,166.2,159.9,172.2,211.2,230.8,264.6,275.6,242.7,228.1,215.0,218.2,220.7,272.8,314.2,331.5,330.4,337.2,333.3,334.1,320.4,270.1,243.3,225.9,249.4,224.9,246.5,269.4,255.0,261.7,259.1,284.9,290.3,291.4,286.5,277.2,302.9,298.2,262.3,279.8,318.6,319.7,310.1,274.2,260.2,243.6,234.0,214.3,206.5,185.1,158.1,153.5,166.3,140.6,139.4,145.4,176.5,172.9,169.8,148.6,123.5,142.1,148.4,162.9,168.5,172.2,176.4,185.1,207.5,206.1,222.5,240.6,264.3,297.1,356.4,384.1,421.7,427.2,410.1,430.7,441.4,431.3,389.6,372.4,409.0,447.3,454.2,446.3,427.9,433.2,411.8,368.3,353.0,346.7,338.3,325.4,324.0,304.7,293.4,254.8,236.7,220.6,223.8,221.8,230.8,244.7,260.7,318.4,355.2,401.3,440.9,484.3,494.5,441.1,415.5,385.8,369.5,342.2,316.9,284.0,254.9,257.9,282.6,295.1,246.4,224.7,260.9,294.4,260.0,255.8,307.5,360.0,369.3,376.4
259.5,205.4,149.7,163.2,215.0,195.5,204.7,252.5,289.8,312.9,321.0,294.4,261.1,245.2,249.0,242.5,285.0,318.8,308.2,300.5,317.6,312.1,302.6,286.9,266.8,246.3,219.3,234.4,220.1,233.2,255.6,269.5,270.8,270.8,270.8,294.1,301.9,302.0,274.5,292.4,314.7,297.4,287.8,305.7,309.8,294.7,260.4,237.8,223.0,220.2,199.3,184.7,173.7,167.6,174.0,171.9,158.4,146.7,144.3,154.4,161.7,153.0,146.1,123.0,147.7,157.7,155.6,181.1,196.0,192.1,186.8,195.3,202.8,220.9,234.0,257.2,278.2,329.8,347.6,395.3,379.9,380.6,396.0,395.0,388.3,374.3,391.9,431.4,481.1,492.1,487.0,478.2,486.7,430.0,396.1,392.1,361.4,369.6,361.5,352.6,316.1,282.0,268.8,252.0,223.0,219.1,212.5,214.1,253.2,264.7,310.3,344.3,384.9,406.7,457.4,521.2,502.0,461.2,416.2,393.8,372.8,354.9,318.6,281.6,238.6,241.8,257.5,251.7,216.2,235.1,267.1,239.8,273.8,334.1,416.4,442.6,452.7
236.8,239.4,176.8,194.3,250.0,264.8,273.7,294.8,306.0,299.9,306.3,314.5,306.4,295.2,296.2,291.2,314.1,317.9,288.4,275.1,294.6,291.6,278.4,251.9,243.3,240.3,211.4,207.9,225.6,243.9,250.5,276.0,270.8,290.3,282.2,298.3,318.5,312.0,307.8,300.9,313.3,300.0,293.7,294.2,301.6,283.2,248.4,232.5,246.6,233.8,218.0,195.1,185.3,202.1,193.2,190.7,166.5,154.1,136.1,129.1,137.7,126.7,129.6,124.7,140.0,166.8,197.0,217.6,236.3,229.1,218.8,228.1,232.2,253.7,275.7,263.4,276.6,308.9,347.5,348.3,321.3,339.2,350.3,350.3,338.1,364.6,378.8,426.4,482.4,481.3,492.7,496.9,519.6,483.0,448.6,431.4,393.7,411.1,392.8,360.0,320.7,318.3,302.9,267.9,238.1,217.9,214.9,208.9,228.7,252.1,285.4,308.7,363.9,370.4,420.1,488.1,539.9,520.3,455.0,426.4,410.4,395.0,352.5,310.1,256.8,223.4,216.2,207.7,202.1,219.4,249.7,237.8,288.2,348.7,406.5,439.8,457.0
