service_area,aircraft_type,method,feasible,sorties,energy_kwh,time_min
S001,A,exact,True,10,12.327280390858286,203.483250346217
S001,A,FFD_mass,True,10,12.345635446430375,203.483250346217
S001,A,FFD_volume,True,11,13.437455314671972,222.3315753808387
S001,B,exact,True,7,7.751347744810449,135.06169085089104
S001,B,FFD_mass,True,7,7.917772222886297,135.06169085089104
S001,B,FFD_volume,True,7,7.874039576933537,135.06169085089104
S001,C,exact,True,2,5.913351570304529,53.105635910971976
S001,C,FFD_mass,True,2,5.913351570304529,53.105635910971976
S001,C,FFD_volume,True,2,5.913351570304529,53.105635910971976
S001,mixed,exact,True,2,5.913351570304529,53.105635910971976
S001,mixed,FFD_mass,True,2,5.913351570304529,53.105635910971976
S001,mixed,FFD_volume,True,2,5.913351570304529,53.105635910971976
S002,A,exact,True,5,14.586444530483506,164.97816516121205
S002,A,FFD_mass,True,5,14.604807452812164,164.97816516121205
S002,A,FFD_volume,True,6,17.194884388766543,196.37379819345446
S002,B,exact,True,4,10.130793975590963,117.11295333989446
S002,B,FFD_mass,True,4,10.459599070426052,117.11295333989446
S002,B,FFD_volume,True,4,10.30609970056372,117.11295333989446
S002,C,exact,True,2,10.419574147982313,65.86041282717379
S002,C,FFD_mass,True,2,11.016432982024515,65.8604128271738
S002,C,FFD_volume,True,2,11.016432982024515,65.8604128271738
S002,mixed,exact,True,2,8.434646958295229,64.30844474856052
S002,mixed,FFD_mass,True,2,11.016432982024515,65.8604128271738
S002,mixed,FFD_volume,True,2,11.016432982024515,65.8604128271738
S003,A,exact,True,5,14.892937749122142,186.5524398968449
S003,A,FFD_mass,True,5,14.91093364841088,186.5524398968449
S003,A,FFD_volume,True,6,17.553124293668468,222.26292787621387
S003,B,exact,True,4,10.392780457237933,134.70155356957102
S003,B,FFD_mass,True,4,10.71501366535005,134.70155356957102
S003,B,FFD_volume,True,4,10.564582315073269,134.70155356957102
S003,C,exact,True,2,10.497408418265481,76.80304498682544
S003,C,FFD_mass,True,2,11.0823377271618,76.80304498682544
S003,C,FFD_volume,True,2,11.0823377271618,76.80304498682544
S003,mixed,exact,True,2,8.544882583169194,74.17691088580547
S003,mixed,FFD_mass,True,2,11.0823377271618,76.80304498682544
S003,mixed,FFD_volume,True,2,11.0823377271618,76.80304498682544
S004,A,exact,True,4,12.227731651260662,143.25334569114165
S004,A,FFD_mass,True,4,12.24684626972697,143.25334569114165
S004,A,FFD_volume,True,4,12.22773165126066,143.25334569114165
S004,B,exact,True,3,7.985822400098424,96.08218185316156
S004,B,FFD_mass,True,3,8.269273280157122,96.08218185316156
S004,B,FFD_volume,True,3,8.113178194471192,96.08218185316156
S004,C,exact,True,1,6.152932018906934,38.35094487471921
S004,C,FFD_mass,True,1,6.152932018906934,38.35094487471921
S004,C,FFD_volume,True,1,6.152932018906934,38.35094487471921
S004,mixed,exact,True,1,6.152932018906934,38.35094487471921
S004,mixed,FFD_mass,True,1,6.152932018906934,38.35094487471921
S004,mixed,FFD_volume,True,1,6.152932018906934,38.35094487471921
S005,A,exact,True,4,8.403070223619501,110.81269730206554
S005,A,FFD_mass,True,4,8.416153925296504,110.81269730206554
S005,A,FFD_volume,True,4,8.403070223619501,110.81269730206554
S005,B,exact,True,3,5.490332689118674,75.8085114150935
S005,B,FFD_mass,True,3,5.684351040115774,75.8085114150935
S005,B,FFD_volume,True,3,5.577506033611424,75.8085114150935
S005,C,exact,True,1,4.222192859507306,31.286508742097137
S005,C,FFD_mass,True,1,4.222192859507306,31.286508742097137
S005,C,FFD_volume,True,1,4.222192859507306,31.286508742097137
S005,mixed,exact,True,1,4.222192859507306,31.286508742097137
S005,mixed,FFD_mass,True,1,4.222192859507306,31.286508742097137
S005,mixed,FFD_volume,True,1,4.222192859507306,31.286508742097137
S006,A,exact,True,4,5.192610663126218,85.56521294157142
S006,A,FFD_mass,True,4,5.2005050960551475,85.56521294157142
S006,A,FFD_volume,True,4,5.192610663126218,85.56521294157142
S006,B,exact,True,3,3.4060092832682853,60.36356274215639
S006,B,FFD_mass,True,3,3.5230759129377986,60.36356274215639
S006,B,FFD_volume,True,3,3.4586078626518315,60.36356274215639
S006,C,exact,True,1,2.5979878649119104,26.02589779936029
S006,C,FFD_mass,True,1,2.5979878649119104,26.02589779936029
S006,C,FFD_volume,True,1,2.5979878649119104,26.02589779936029
S006,mixed,exact,True,1,2.5979878649119104,26.02589779936029
S006,mixed,FFD_mass,True,1,2.5979878649119104,26.02589779936029
S006,mixed,FFD_volume,True,1,2.5979878649119104,26.02589779936029
S007,A,exact,True,3,5.670932462733902,85.37120422703626
S007,A,FFD_mass,True,3,5.6821674457636115,85.37120422703626
S007,A,FFD_volume,True,3,5.6709324627339015,85.37120422703626
S007,B,exact,True,2,3.436516652530292,53.54251329934121
S007,B,FFD_mass,True,3,4.875771225861914,77.81376994901181
S007,B,FFD_volume,True,3,4.875771225861914,77.81376994901181
S007,C,exact,True,1,3.4108943800030405,31.79277428883076
S007,C,FFD_mass,True,1,3.4108943800030405,31.79277428883076
S007,C,FFD_volume,True,1,3.4108943800030405,31.79277428883076
S007,mixed,exact,True,1,3.4108943800030405,31.79277428883076
S007,mixed,FFD_mass,True,1,3.4108943800030405,31.79277428883076
S007,mixed,FFD_volume,True,1,3.4108943800030405,31.79277428883076
S008,A,exact,True,3,9.529352766435714,107.55662697038561
S008,A,FFD_mass,True,3,9.549370097841972,107.55662697038561
S008,A,FFD_volume,True,3,9.529352766435714,107.55662697038561
S008,B,exact,True,2,5.7386577816330355,64.39438118867614
S008,B,FFD_mass,True,3,8.148308445429398,94.0915717830142
S008,B,FFD_volume,True,3,8.148308445429398,94.0915717830142
S008,C,exact,True,1,5.836011711483562,36.66168688475691
S008,C,FFD_mass,True,1,5.836011711483562,36.66168688475691
S008,C,FFD_volume,True,1,5.836011711483562,36.66168688475691
S008,mixed,exact,True,1,5.836011711483562,36.66168688475691
S008,mixed,FFD_mass,True,1,5.836011711483562,36.66168688475691
S008,mixed,FFD_volume,True,1,5.836011711483562,36.66168688475691
S009,A,exact,True,2,4.402180226299885,55.28710772770899
S009,A,FFD_mass,True,2,4.456262253535443,55.28710772770899
S009,A,FFD_volume,True,2,4.456262253535443,55.28710772770899
S009,B,exact,True,1,2.0962337344260447,25.974028884811897
S009,B,FFD_mass,True,1,2.0962337344260447,25.974028884811897
S009,B,FFD_volume,True,1,2.0962337344260447,25.974028884811897
S009,C,exact,True,1,3.769309233983854,27.40946728677587
S009,C,FFD_mass,True,1,3.769309233983854,27.40946728677587
S009,C,FFD_volume,True,1,3.769309233983854,27.40946728677587
S009,mixed,exact,True,1,2.0962337344260447,25.974028884811897
S009,mixed,FFD_mass,True,1,3.769309233983854,27.40946728677587
S009,mixed,FFD_volume,True,1,3.769309233983854,27.40946728677587
S010,A,exact,True,2,3.813835040600143,54.16209091842142
S010,A,FFD_mass,True,2,3.859189748076627,54.16209091842142
S010,A,FFD_volume,True,2,3.859189748076627,54.16209091842142
S010,B,exact,True,1,1.8231956980898123,25.922992763852942
S010,B,FFD_mass,True,1,1.8231956980898123,25.922992763852942
S010,B,FFD_volume,True,1,1.8231956980898123,25.922992763852942
S010,C,exact,True,1,3.2299952619555423,27.811806850767006
S010,C,FFD_mass,True,1,3.2299952619555423,27.811806850767006
S010,C,FFD_volume,True,1,3.2299952619555423,27.811806850767006
S010,mixed,exact,True,1,1.8231956980898123,25.922992763852942
S010,mixed,FFD_mass,True,1,3.2299952619555423,27.811806850767006
S010,mixed,FFD_volume,True,1,3.2299952619555423,27.811806850767006
S011,A,exact,True,2,2.2482046054031004,39.734098221927326
S011,A,FFD_mass,True,2,2.2748237970512535,39.734098221927326
S011,A,FFD_volume,True,2,2.2748237970512535,39.734098221927326
S011,B,exact,True,1,1.0739517654353308,19.807007870585167
S011,B,FFD_mass,True,1,1.0739517654353308,19.807007870585167
S011,B,FFD_volume,True,1,1.0739517654353308,19.807007870585167
S011,C,exact,True,1,1.9000054057388176,21.3040176226468
S011,C,FFD_mass,True,1,1.9000054057388176,21.3040176226468
S011,C,FFD_volume,True,1,1.9000054057388176,21.3040176226468
S011,mixed,exact,True,1,1.0739517654353308,19.807007870585167
S011,mixed,FFD_mass,True,1,1.9000054057388176,21.3040176226468
S011,mixed,FFD_volume,True,1,1.9000054057388176,21.3040176226468
S012,A,exact,True,2,5.77440432967313,69.3030024547777
S012,A,FFD_mass,True,2,5.84446263237045,69.3030024547777
S012,A,FFD_volume,True,2,5.84446263237045,69.3030024547777
S012,B,exact,True,1,2.7524142988014897,32.04567251240153
S012,B,FFD_mass,True,1,2.7524142988014897,32.04567251240153
S012,B,FFD_volume,True,1,2.7524142988014897,32.04567251240153
S012,C,exact,True,1,4.922006790731768,34.009844706140676
S012,C,FFD_mass,True,1,4.922006790731768,34.009844706140676
S012,C,FFD_volume,True,1,4.922006790731768,34.009844706140676
S012,mixed,exact,True,1,2.7524142988014897,32.04567251240153
S012,mixed,FFD_mass,True,1,4.922006790731768,34.009844706140676
S012,mixed,FFD_volume,True,1,4.922006790731768,34.009844706140676
S013,A,exact,True,2,3.820107773365479,52.73712458920681
S013,A,FFD_mass,True,2,3.8660762562088093,52.73712458920681
S013,A,FFD_volume,True,2,3.8660762562088093,52.73712458920681
S013,B,exact,True,1,1.8247592723274166,25.174538751698346
S013,B,FFD_mass,True,1,1.8247592723274166,25.174538751698346
S013,B,FFD_volume,True,1,1.8247592723274166,25.174538751698346
S013,C,exact,True,1,3.2491444056066237,26.86054888353429
S013,C,FFD_mass,True,1,3.2491444056066237,26.86054888353429
S013,C,FFD_volume,True,1,3.2491444056066237,26.86054888353429
S013,mixed,exact,True,1,1.8247592723274166,25.174538751698346
S013,mixed,FFD_mass,True,1,3.2491444056066237,26.86054888353429
S013,mixed,FFD_volume,True,1,3.2491444056066237,26.86054888353429
S014,A,exact,True,2,4.469410670273264,65.34699372184383
S014,A,FFD_mass,True,2,4.52078588637028,65.34699372184383
S014,A,FFD_volume,True,2,4.52078588637028,65.34699372184383
S014,B,exact,True,1,2.1403884821074026,31.162606939692395
S014,B,FFD_mass,True,1,2.1403884821074026,31.162606939692395
S014,B,FFD_volume,True,1,2.1403884821074026,31.162606939692395
S014,C,exact,True,1,3.738774296604978,33.92148131577746
S014,C,FFD_mass,True,1,3.738774296604978,33.92148131577746
S014,C,FFD_volume,True,1,3.738774296604978,33.92148131577746
S014,mixed,exact,True,1,2.1403884821074026,31.162606939692395
S014,mixed,FFD_mass,True,1,3.738774296604978,33.92148131577746
S014,mixed,FFD_volume,True,1,3.738774296604978,33.92148131577746
S015,A,exact,True,2,4.821650057505834,64.61964677158646
S015,A,FFD_mass,True,2,4.878616114580456,64.61964677158646
S015,A,FFD_volume,True,2,4.878616114580456,64.61964677158646
S015,B,exact,True,1,2.3074528242839643,30.471277290448818
S015,B,FFD_mass,True,1,2.3074528242839643,30.471277290448818
S015,B,FFD_volume,True,1,2.3074528242839643,30.471277290448818
S015,C,exact,True,1,4.075320079484978,32.77516204251045
S015,C,FFD_mass,True,1,4.075320079484978,32.77516204251045
S015,C,FFD_volume,True,1,4.075320079484978,32.77516204251045
S015,mixed,exact,True,1,2.3074528242839643,30.471277290448818
S015,mixed,FFD_mass,True,1,4.075320079484978,32.77516204251045
S015,mixed,FFD_volume,True,1,4.075320079484978,32.77516204251045
