aircraft_type,method,feasible,sorties,energy_kwh,time_min
A,exact,True,52,112.18015314076078,1488.7630069419472
A,FFD_mass,True,52,112.65663607053095,1488.7630069419472
A,FFD_volume,True,55,118.9093784524763,1574.7174529881802
B,exact,True,35,68.35065705975953,927.6254732722764
B,FFD_mass,True,37,73.61156093863586,981.593920516285
B,FFD_volume,True,37,72.93648943006774,981.593920516285
C,exact,True,18,73.93490844547165,563.9792350228881
C,FFD_mass,True,18,75.11669658841016,563.9792350228881
C,FFD_volume,True,18,75.11669658841016,563.9792350228881
mixed,exact,True,18,59.13129602205317,546.2669291485934
mixed,FFD_mass,True,18,75.11669658841016,563.9792350228881
mixed,FFD_volume,True,18,75.11669658841016,563.9792350228881
