box_id,batch_id,service_area,aircraft_type,mass_kg,volume_m3
S001-FOD-01,Q1-002,S001,C,8,0.028
S001-FOD-02,Q1-002,S001,C,8,0.028
S001-FOD-03,Q1-002,S001,C,8,0.028
S001-HYG-01,Q1-001,S001,C,6,0.035
S001-HYG-02,Q1-002,S001,C,6,0.035
S001-MED-01,Q1-002,S001,C,3,0.012
S001-MED-02,Q1-002,S001,C,3,0.012
S001-WAT-01,Q1-001,S001,C,14,0.027
S001-WAT-02,Q1-001,S001,C,14,0.027
S001-WAT-03,Q1-001,S001,C,14,0.027
S001-WAT-04,Q1-001,S001,C,14,0.027
S001-WAT-05,Q1-001,S001,C,14,0.027
S001-WAT-06,Q1-002,S001,C,14,0.027
S001-WAT-07,Q1-002,S001,C,14,0.027
S001-WAT-08,Q1-002,S001,C,14,0.027
S002-FOD-01,Q1-003,S002,B,8,0.028
S002-FOD-02,Q1-004,S002,C,8,0.028
S002-HYG-01,Q1-004,S002,C,6,0.035
S002-MED-01,Q1-003,S002,B,3,0.012
S002-WAT-01,Q1-003,S002,B,14,0.027
S002-WAT-02,Q1-004,S002,C,14,0.027
S002-WAT-03,Q1-004,S002,C,14,0.027
S002-WAT-04,Q1-004,S002,C,14,0.027
S003-FOD-01,Q1-005,S003,B,8,0.028
S003-FOD-02,Q1-006,S003,C,8,0.028
S003-HYG-01,Q1-006,S003,C,6,0.035
S003-MED-01,Q1-005,S003,B,3,0.012
S003-WAT-01,Q1-005,S003,B,14,0.027
S003-WAT-02,Q1-006,S003,C,14,0.027
S003-WAT-03,Q1-006,S003,C,14,0.027
S003-WAT-04,Q1-006,S003,C,14,0.027
S004-FOD-01,Q1-007,S004,C,8,0.028
S004-HYG-01,Q1-007,S004,C,6,0.035
S004-MED-01,Q1-007,S004,C,3,0.012
S004-WAT-01,Q1-007,S004,C,14,0.027
S004-WAT-02,Q1-007,S004,C,14,0.027
S004-WAT-03,Q1-007,S004,C,14,0.027
S005-FOD-01,Q1-008,S005,C,8,0.028
S005-HYG-01,Q1-008,S005,C,6,0.035
S005-MED-01,Q1-008,S005,C,3,0.012
S005-WAT-01,Q1-008,S005,C,14,0.027
S005-WAT-02,Q1-008,S005,C,14,0.027
S005-WAT-03,Q1-008,S005,C,14,0.027
S006-FOD-01,Q1-009,S006,C,8,0.028
S006-HYG-01,Q1-009,S006,C,6,0.035
S006-MED-01,Q1-009,S006,C,3,0.012
S006-WAT-01,Q1-009,S006,C,14,0.027
S006-WAT-02,Q1-009,S006,C,14,0.027
S006-WAT-03,Q1-009,S006,C,14,0.027
S007-FOD-01,Q1-010,S007,C,8,0.028
S007-HYG-01,Q1-010,S007,C,6,0.035
S007-MED-01,Q1-010,S007,C,3,0.012
S007-WAT-01,Q1-010,S007,C,14,0.027
S007-WAT-02,Q1-010,S007,C,14,0.027
S008-FOD-01,Q1-011,S008,C,8,0.028
S008-HYG-01,Q1-011,S008,C,6,0.035
S008-MED-01,Q1-011,S008,C,3,0.012
S008-WAT-01,Q1-011,S008,C,14,0.027
S008-WAT-02,Q1-011,S008,C,14,0.027
S009-FOD-01,Q1-012,S009,B,8,0.028
S009-MED-01,Q1-012,S009,B,3,0.012
S009-WAT-01,Q1-012,S009,B,14,0.027
S010-FOD-01,Q1-013,S010,B,8,0.028
S010-MED-01,Q1-013,S010,B,3,0.012
S010-WAT-01,Q1-013,S010,B,14,0.027
S011-FOD-01,Q1-014,S011,B,8,0.028
S011-MED-01,Q1-014,S011,B,3,0.012
S011-WAT-01,Q1-014,S011,B,14,0.027
S012-FOD-01,Q1-015,S012,B,8,0.028
S012-MED-01,Q1-015,S012,B,3,0.012
S012-WAT-01,Q1-015,S012,B,14,0.027
S013-FOD-01,Q1-016,S013,B,8,0.028
S013-MED-01,Q1-016,S013,B,3,0.012
S013-WAT-01,Q1-016,S013,B,14,0.027
S014-FOD-01,Q1-017,S014,B,8,0.028
S014-MED-01,Q1-017,S014,B,3,0.012
S014-WAT-01,Q1-017,S014,B,14,0.027
S015-FOD-01,Q1-018,S015,B,8,0.028
S015-MED-01,Q1-018,S015,B,3,0.012
S015-WAT-01,Q1-018,S015,B,14,0.027
