service_area,aircraft_type,aeqd_safe_payload_kg,geodesic_safe_payload_kg,absolute_payload_difference_kg
S001,A,25.0,25.0,0.0
S001,B,30.0,30.0,0.0
S001,C,80.0,80.0,0.0
S002,A,25.0,25.0,0.0
S002,B,30.0,30.0,0.0
S002,C,68.86034271750398,68.86034271749946,4.519051799434237e-12
S003,A,25.0,25.0,0.0
S003,B,30.0,30.0,0.0
S003,C,68.20649055517829,68.20649055519672,1.8431478565617e-11
S004,A,25.0,25.0,0.0
S004,B,30.0,30.0,0.0
S004,C,63.69695545112762,63.696955451122626,4.995115432393504e-12
S005,A,25.0,25.0,0.0
S005,B,30.0,30.0,0.0
S005,C,80.0,80.0,0.0
S006,A,25.0,25.0,0.0
S006,B,30.0,30.0,0.0
S006,C,80.0,80.0,0.0
S007,A,25.0,25.0,0.0
S007,B,30.0,30.0,0.0
S007,C,80.0,80.0,0.0
S008,A,25.0,25.0,0.0
S008,B,28.80123362327093,28.80123362326897,1.9610979506978765e-12
S008,C,58.90436096313246,58.90436096312705,5.4143356464919634e-12
S009,A,25.0,25.0,0.0
S009,B,30.0,30.0,0.0
S009,C,80.0,80.0,0.0
S010,A,25.0,25.0,0.0
S010,B,30.0,30.0,0.0
S010,C,80.0,80.0,0.0
S011,A,25.0,25.0,0.0
S011,B,30.0,30.0,0.0
S011,C,80.0,80.0,0.0
S012,A,25.0,25.0,0.0
S012,B,30.0,30.0,0.0
S012,C,68.11719340245506,68.11719340245507,1.4210854715202004e-14
S013,A,25.0,25.0,0.0
S013,B,30.0,30.0,0.0
S013,C,80.0,80.0,0.0
S014,A,25.0,25.0,0.0
S014,B,30.0,30.0,0.0
S014,C,80.0,80.0,0.0
S015,A,25.0,25.0,0.0
S015,B,30.0,30.0,0.0
S015,C,80.0,80.0,0.0
