service_area,distance_m,max_dem_m,cruise_altitude_m,out_up_m,out_down_m,back_up_m,back_down_m,traversed_cells_count
S001,3053.9788435185,223.05661010742188,273.0566101074219,145.3566101074219,89.05661010742188,89.05661010742188,145.3566101074219,136
S002,7411.310455083831,258.9542541503906,308.9542541503906,181.25425415039064,89.45425415039062,89.45425415039062,181.25425415039064,323
S003,7263.179256557209,511.80413818359375,561.8041381835938,434.10413818359376,223.30413818359375,223.30413818359375,434.10413818359376,338
S004,7714.696449116812,348.2391662597656,398.2391662597656,270.53916625976564,169.9391662597656,169.9391662597656,270.53916625976564,276
S005,5280.606936873399,276.410888671875,326.410888671875,198.710888671875,131.410888671875,131.410888671875,198.710888671875,181
S006,3186.2081784133024,316.09783935546875,366.09783935546875,238.39783935546876,51.29783935546874,51.29783935546874,238.39783935546876,116
S007,4534.460566814662,461.9731750488281,511.9731750488281,384.27317504882814,163.47317504882812,163.47317504882812,384.27317504882814,213
S008,8079.033112422834,322.9093322753906,372.9093322753906,245.20933227539064,102.00933227539065,102.00933227539065,245.20933227539064,321
S009,5705.144962276681,243.22891235351562,293.2289123535156,165.52891235351564,63.228912353515625,63.228912353515625,165.52891235351564,253
S010,4784.494851643981,385.63653564453125,435.63653564453125,307.93653564453126,84.03653564453123,84.03653564453123,307.93653564453126,203
S011,2808.0742326812942,245.36175537109375,295.36175537109375,167.66175537109376,83.26175537109376,83.26175537109376,167.66175537109376,123
S012,7390.491686977172,363.3009948730469,413.3009948730469,285.6009948730469,133.50099487304686,133.50099487304686,285.6009948730469,354
S013,4849.2423772291,349.18182373046875,399.18182373046875,271.48182373046876,47.48182373046876,47.48182373046876,271.48182373046876,228
S014,5419.60185821314,541.9473876953125,591.9473876953125,464.2473876953125,240.9473876953125,240.9473876953125,464.2473876953125,203
S015,6009.382971619937,521.7992553710938,571.7992553710938,444.09925537109376,97.29925537109375,97.29925537109375,444.09925537109376,286
