service_area,aircraft_type,safe_payload_kg,rated_payload_kg,energy_limited,empty_trip_feasible,energy_at_safe_load_kwh,energy_budget_kwh,return_soc
S001,A,25.0,25,False,True,1.3127180160965892,3.6,0.7082848853118691
S001,B,30.0,30,False,True,1.2739487146258892,3.2,0.6815128213435278
S001,C,80.0,80,False,True,3.0816969508470407,6.4,0.6147878811441199
S002,A,25.0,25,False,True,3.0904496148955753,3.6,0.31323341891209433
S002,B,30.0,30,False,True,2.9987623332803524,3.2,0.2503094166799119
S002,C,68.86034271750398,80,True,True,6.400000000000001,6.4,0.19999999999999984
S003,A,25.0,25,False,True,3.1568292282540007,3.6,0.29848239372133323
S003,B,30.0,30,False,True,3.0644077594681747,3.2,0.23389806013295633
S003,C,68.20649055517829,80,True,True,6.400000000000001,6.4,0.19999999999999984
S004,A,25.0,25,False,True,3.266746121100013,3.6,0.27405641753333043
S004,B,30.0,30,False,True,3.169851801523034,3.2,0.20753704961924146
S004,C,63.69695545112762,80,True,True,6.400000000000019,6.4,0.19999999999999762
S005,A,25.0,25,False,True,2.244906793210243,3.6,0.5011318237310571
S005,B,30.0,30,False,True,2.178298368995217,3.2,0.4554254077511958
S005,C,80.0,80,False,True,5.29270640424716,6.4,0.338411699469105
S006,A,25.0,25,False,True,1.3897202893687801,3.6,0.69117326902916
S006,B,30.0,30,False,True,1.350059878268101,3.2,0.6624850304329748
S006,C,80.0,80,False,True,3.2533316961756764,6.4,0.5933335379780404
S007,A,25.0,25,False,True,2.017930455020118,3.6,0.5515710099955293
S007,B,30.0,30,False,True,1.9597756453456459,3.2,0.5100560886635885
S007,C,80.0,80,False,True,4.679449163210208,6.4,0.415068854598724
S008,A,25.0,25,False,True,3.3871984744539185,3.6,0.24728922789912922
S008,B,28.80123362327093,30,True,True,3.2,3.2,0.19999999999999996
S008,C,58.90436096313246,80,True,True,6.399999999999991,6.4,0.20000000000000118
S009,A,25.0,25,False,True,2.3868506711344857,3.6,0.46958873974789206
S009,B,30.0,30,False,True,2.3163773915299126,3.2,0.42090565211752184
S009,C,80.0,80,False,True,5.669496029358593,6.4,0.2913129963301758
S010,A,25.0,25,False,True,2.0707024146924407,3.6,0.5398439078461243
S010,B,30.0,30,False,True,2.01101470248853,3.2,0.49724632437786753
S010,C,80.0,80,False,True,4.858749129052748,6.4,0.39265635886840655
S011,A,25.0,25,False,True,1.2196111986230465,3.6,0.7289752891948786
S011,B,30.0,30,False,True,1.1839375412899882,3.2,0.704015614677503
S011,C,80.0,80,False,True,2.853218920512951,6.4,0.6433476349358811
S012,A,25.0,25,False,True,3.131205067003246,3.6,0.30417665177705644
S012,B,30.0,30,False,True,3.0389370613228848,3.2,0.2402657346692788
S012,C,68.11719340245506,80,True,True,6.4,6.4,0.19999999999999996
S013,A,25.0,25,False,True,2.0741334613816913,3.6,0.5390814530262908
S013,B,30.0,30,False,True,2.0143512763767877,3.2,0.4964121809058031
S013,C,80.0,80,False,True,4.8914839898345805,6.4,0.38856450127067743
S014,A,25.0,25,False,True,2.4256925813159116,3.6,0.4609572041520197
S014,B,30.0,30,False,True,2.355323535517482,3.2,0.41116911612062945
S014,C,80.0,80,False,True,5.607762247373444,6.4,0.29902971907831954
S015,A,25.0,25,False,True,2.619252919750836,3.6,0.4179437956109253
S015,B,30.0,30,False,True,2.544440587539693,3.2,0.3638898531150767
S015,C,80.0,80,False,True,6.1329877183423225,6.4,0.2333765352072097
