service_area,dp_min_N,milp_min_N,dp_fixed_N_min_E,milp_fixed_N_min_E,dp_lex_time_s,milp_lex_time_s,dp_min_T_s,milp_min_T_s
S001,2,2,5.913351570304529,5.913351570304529,3186.3381546583187,3186.3381546583187,3186.3381546583187,3186.3381546583187
S002,2,2,8.434646958295229,8.434646958295229,3858.506684913631,3858.506684913631,3858.506684913631,3858.506684913631
S003,2,2,8.544882583169194,8.544882583169194,4450.614653148328,4450.614653148328,4450.614653148328,4450.614653148328
S004,1,1,6.152932018906934,6.152932018906934,2301.056692483153,2301.056692483153,2301.056692483153,2301.056692483153
S005,1,1,4.222192859507306,4.222192859507306,1877.1905245258283,1877.1905245258283,1877.1905245258283,1877.1905245258283
S006,1,1,2.5979878649119104,2.5979878649119104,1561.5538679616175,1561.5538679616175,1561.5538679616175,1561.5538679616175
S007,1,1,3.4108943800030405,3.4108943800030405,1907.5664573298457,1907.5664573298457,1907.5664573298457,1907.5664573298457
S008,1,1,5.836011711483562,5.836011711483562,2199.7012130854146,2199.7012130854146,2199.7012130854146,2199.7012130854146
S009,1,1,2.0962337344260447,2.0962337344260447,1558.4417330887138,1558.4417330887138,1558.4417330887138,1558.4417330887138
S010,1,1,1.8231956980898123,1.8231956980898123,1555.3795658311765,1555.3795658311765,1555.3795658311765,1555.3795658311765
S011,1,1,1.0739517654353308,1.0739517654353308,1188.42047223511,1188.42047223511,1188.42047223511,1188.42047223511
S012,1,1,2.7524142988014897,2.7524142988014897,1922.7403507440918,1922.7403507440918,1922.7403507440918,1922.7403507440918
S013,1,1,1.8247592723274166,1.8247592723274166,1510.4723251019009,1510.4723251019009,1510.4723251019009,1510.4723251019009
S014,1,1,2.1403884821074026,2.1403884821074026,1869.7564163815437,1869.7564163815437,1869.7564163815437,1869.7564163815437
S015,1,1,2.3074528242839643,2.3074528242839643,1828.276637426929,1828.276637426929,1828.276637426929,1828.276637426929
