alpha_left,alpha_right,left_closed,right_closed,min_sorties
0.0,0.2308834976366333,True,True,18
0.2308834976366333,0.27049853606455476,False,True,19
0.27049853606455476,0.3362580918991762,False,True,20
0.3362580918991762,0.33896917675205007,False,True,21
0.33896917675205007,0.3437353155592552,False,True,22
0.3437353155592552,0.3439187251825956,False,True,23
0.3439187251825956,0.3477789719927312,False,True,24
0.3477789719927312,0.35267806887191433,False,True,25
0.35267806887191433,1.0,False,False,
