service_area,aircraft_type,alpha,safe_payload_kg
S001,A,0.0,25.0
S001,A,0.01,25.0
S001,A,0.02,25.0
S001,A,0.03,25.0
S001,A,0.04,25.0
S001,A,0.05,25.0
S001,A,0.06,25.0
S001,A,0.07,25.0
S001,A,0.08,25.0
S001,A,0.09,25.0
S001,A,0.1,25.0
S001,A,0.11,25.0
S001,A,0.12,25.0
S001,A,0.13,25.0
S001,A,0.14,25.0
S001,A,0.15,25.0
S001,A,0.16,25.0
S001,A,0.17,25.0
S001,A,0.18,25.0
S001,A,0.19,25.0
S001,A,0.2,25.0
S001,A,0.21,25.0
S001,A,0.22,25.0
S001,A,0.23,25.0
S001,A,0.2308834976366333,25.0
S001,A,0.24,25.0
S001,A,0.25,25.0
S001,A,0.26,25.0
S001,A,0.27,25.0
S001,A,0.28,25.0
S001,A,0.29,25.0
S001,A,0.3,25.0
S001,A,0.31,25.0
S001,A,0.32,25.0
S001,A,0.33,25.0
S001,A,0.34,25.0
S001,A,0.35,25.0
S001,A,0.35267806887191433,25.0
S001,A,0.353,25.0
S001,A,0.36,25.0
S001,A,0.37,25.0
S001,A,0.38,25.0
S001,A,0.39,25.0
S001,A,0.4,25.0
S001,B,0.0,30.0
S001,B,0.01,30.0
S001,B,0.02,30.0
S001,B,0.03,30.0
S001,B,0.04,30.0
S001,B,0.05,30.0
S001,B,0.06,30.0
S001,B,0.07,30.0
S001,B,0.08,30.0
S001,B,0.09,30.0
S001,B,0.1,30.0
S001,B,0.11,30.0
S001,B,0.12,30.0
S001,B,0.13,30.0
S001,B,0.14,30.0
S001,B,0.15,30.0
S001,B,0.16,30.0
S001,B,0.17,30.0
S001,B,0.18,30.0
S001,B,0.19,30.0
S001,B,0.2,30.0
S001,B,0.21,30.0
S001,B,0.22,30.0
S001,B,0.23,30.0
S001,B,0.2308834976366333,30.0
S001,B,0.24,30.0
S001,B,0.25,30.0
S001,B,0.26,30.0
S001,B,0.27,30.0
S001,B,0.28,30.0
S001,B,0.29,30.0
S001,B,0.3,30.0
S001,B,0.31,30.0
S001,B,0.32,30.0
S001,B,0.33,30.0
S001,B,0.34,30.0
S001,B,0.35,30.0
S001,B,0.35267806887191433,30.0
S001,B,0.353,30.0
S001,B,0.36,30.0
S001,B,0.37,30.0
S001,B,0.38,30.0
S001,B,0.39,30.0
S001,B,0.4,30.0
S001,C,0.0,80.0
S001,C,0.01,80.0
S001,C,0.02,80.0
S001,C,0.03,80.0
S001,C,0.04,80.0
S001,C,0.05,80.0
S001,C,0.06,80.0
S001,C,0.07,80.0
S001,C,0.08,80.0
S001,C,0.09,80.0
S001,C,0.1,80.0
S001,C,0.11,80.0
S001,C,0.12,80.0
S001,C,0.13,80.0
S001,C,0.14,80.0
S001,C,0.15,80.0
S001,C,0.16,80.0
S001,C,0.17,80.0
S001,C,0.18,80.0
S001,C,0.19,80.0
S001,C,0.2,80.0
S001,C,0.21,80.0
S001,C,0.22,80.0
S001,C,0.23,80.0
S001,C,0.2308834976366333,80.0
S001,C,0.24,80.0
S001,C,0.25,80.0
S001,C,0.26,80.0
S001,C,0.27,80.0
S001,C,0.28,80.0
S001,C,0.29,80.0
S001,C,0.3,80.0
S001,C,0.31,80.0
S001,C,0.32,80.0
S001,C,0.33,80.0
S001,C,0.34,80.0
S001,C,0.35,80.0
S001,C,0.35267806887191433,80.0
S001,C,0.353,80.0
S001,C,0.36,80.0
S001,C,0.37,80.0
S001,C,0.38,80.0
S001,C,0.39,80.0
S001,C,0.4,80.0
S002,A,0.0,25.0
S002,A,0.01,25.0
S002,A,0.02,25.0
S002,A,0.03,25.0
S002,A,0.04,25.0
S002,A,0.05,25.0
S002,A,0.06,25.0
S002,A,0.07,25.0
S002,A,0.08,25.0
S002,A,0.09,25.0
S002,A,0.1,25.0
S002,A,0.11,25.0
S002,A,0.12,25.0
S002,A,0.13,25.0
S002,A,0.14,25.0
S002,A,0.15,25.0
S002,A,0.16,25.0
S002,A,0.17,25.0
S002,A,0.18,25.0
S002,A,0.19,25.0
S002,A,0.2,25.0
S002,A,0.21,25.0
S002,A,0.22,25.0
S002,A,0.23,25.0
S002,A,0.2308834976366333,25.0
S002,A,0.24,25.0
S002,A,0.25,25.0
S002,A,0.26,25.0
S002,A,0.27,25.0
S002,A,0.28,25.0
S002,A,0.29,25.0
S002,A,0.3,25.0
S002,A,0.31,25.0
S002,A,0.32,23.779705806814455
S002,A,0.33,21.833297754668674
S002,A,0.34,19.685213706682845
S002,A,0.35,17.287024760811484
S002,A,0.35267806887191433,16.59368213217581
S002,A,0.353,16.50869958176867
S002,A,0.36,14.564318835417478
S002,A,0.37,11.38766362935136
S002,A,0.38,7.4735025245417965
S002,A,0.39,1.5530417218094943
S002,A,0.4,
S002,B,0.0,30.0
S002,B,0.01,30.0
S002,B,0.02,30.0
S002,B,0.03,30.0
S002,B,0.04,30.0
S002,B,0.05,30.0
S002,B,0.06,30.0
S002,B,0.07,30.0
S002,B,0.08,30.0
S002,B,0.09,30.0
S002,B,0.1,30.0
S002,B,0.11,30.0
S002,B,0.12,30.0
S002,B,0.13,30.0
S002,B,0.14,30.0
S002,B,0.15,30.0
S002,B,0.16,30.0
S002,B,0.17,30.0
S002,B,0.18,30.0
S002,B,0.19,30.0
S002,B,0.2,30.0
S002,B,0.21,30.0
S002,B,0.22,30.0
S002,B,0.23,30.0
S002,B,0.2308834976366333,30.0
S002,B,0.24,30.0
S002,B,0.25,30.0
S002,B,0.26,29.43334645278414
S002,B,0.27,28.81708749564129
S002,B,0.28,28.16599388218805
S002,B,0.29,27.476834057613825
S002,B,0.3,26.74592803589956
S002,B,0.31,25.969058161790606
S002,B,0.32,25.141355121098133
S002,B,0.33,24.257149898401206
S002,B,0.34,23.309777780172713
S002,B,0.35,22.291312975724825
S002,B,0.35267806887191433,22.00531131783734
S002,B,0.353,21.97053262721373
S002,B,0.36,21.19219962980706
S002,B,0.37,20.000722218025544
S002,B,0.38,18.702215505943734
S002,B,0.39,17.277828369442144
S002,B,0.4,15.702468953146859
S002,C,0.0,80.0
S002,C,0.01,80.0
S002,C,0.02,80.0
S002,C,0.03,80.0
S002,C,0.04,80.0
S002,C,0.05,80.0
S002,C,0.06,80.0
S002,C,0.07,80.0
S002,C,0.08,80.0
S002,C,0.09,79.36709994336677
S002,C,0.1,78.59389587487189
S002,C,0.11,77.79081796224378
S002,C,0.12,76.95605796706228
S002,C,0.13,76.08765392639442
S002,C,0.14,75.18347278472254
S002,C,0.15,74.24119050021477
S002,C,0.16,73.258269162682
S002,C,0.17,72.23193055547247
S002,C,0.18,71.15912545969441
S002,C,0.19,70.03649782637984
S002,C,0.2,68.86034271750398
S002,C,0.21,67.62655662097046
S002,C,0.22,66.33057835071554
S002,C,0.23,64.967318211466
S002,C,0.2308834976366333,64.84345399150564
S002,C,0.24,63.53107237997688
S002,C,0.25,62.0154184426621
S002,C,0.26,60.413086597759296
S002,C,0.27,58.71579896520918
S002,C,0.28,56.91406640434058
S002,C,0.29,54.99692764700105
S002,C,0.3,52.95160843213846
S002,C,0.31,50.76306694092317
S002,C,0.32,48.41337297189285
S002,C,0.33,45.880835759568185
S002,C,0.34,43.13873645775917
S002,C,0.35,40.153408485842064
S002,C,0.35267806887191433,39.30732214647833
S002,C,0.353,39.20418760801435
S002,C,0.36,36.88117721001608
S002,C,0.37,33.26315138723814
S002,C,0.38,29.215558406054186
S002,C,0.39,24.609522760655206
S002,C,0.4,19.220367161658906
S003,A,0.0,25.0
S003,A,0.01,25.0
S003,A,0.02,25.0
S003,A,0.03,25.0
S003,A,0.04,25.0
S003,A,0.05,25.0
S003,A,0.06,25.0
S003,A,0.07,25.0
S003,A,0.08,25.0
S003,A,0.09,25.0
S003,A,0.1,25.0
S003,A,0.11,25.0
S003,A,0.12,25.0
S003,A,0.13,25.0
S003,A,0.14,25.0
S003,A,0.15,25.0
S003,A,0.16,25.0
S003,A,0.17,25.0
S003,A,0.18,25.0
S003,A,0.19,25.0
S003,A,0.2,25.0
S003,A,0.21,25.0
S003,A,0.22,25.0
S003,A,0.23,25.0
S003,A,0.2308834976366333,25.0
S003,A,0.24,25.0
S003,A,0.25,25.0
S003,A,0.26,25.0
S003,A,0.27,25.0
S003,A,0.28,25.0
S003,A,0.29,25.0
S003,A,0.3,24.7372966717048
S003,A,0.31,22.920872355222023
S003,A,0.32,20.93765922307846
S003,A,0.33,18.75479856107193
S003,A,0.34,16.325724894461164
S003,A,0.35,13.578945474523783
S003,A,0.35267806887191433,12.775500545378314
S003,A,0.353,12.67667062855628
S003,A,0.36,10.38965296790631
S003,A,0.37,6.480117384414095
S003,A,0.38,0.37255256553443516
S003,A,0.39,
S003,A,0.4,
S003,B,0.0,30.0
S003,B,0.01,30.0
S003,B,0.02,30.0
S003,B,0.03,30.0
S003,B,0.04,30.0
S003,B,0.05,30.0
S003,B,0.06,30.0
S003,B,0.07,30.0
S003,B,0.08,30.0
S003,B,0.09,30.0
S003,B,0.1,30.0
S003,B,0.11,30.0
S003,B,0.12,30.0
S003,B,0.13,30.0
S003,B,0.14,30.0
S003,B,0.15,30.0
S003,B,0.16,30.0
S003,B,0.17,30.0
S003,B,0.18,30.0
S003,B,0.19,30.0
S003,B,0.2,30.0
S003,B,0.21,30.0
S003,B,0.22,30.0
S003,B,0.23,30.0
S003,B,0.2308834976366333,30.0
S003,B,0.24,29.64442137495882
S003,B,0.25,29.036514106418007
S003,B,0.26,28.394994673378005
S003,B,0.27,27.716868299482936
S003,B,0.28,26.998747491742737
S003,B,0.29,26.23677894091885
S003,B,0.3,25.4265515050775
S003,B,0.31,24.562978628399982
S003,B,0.32,23.640145464291177
S003,B,0.33,22.651106052768643
S003,B,0.34,21.587607770930386
S003,B,0.35,20.439706273073146
S003,B,0.35267806887191433,20.1164610563367
S003,B,0.353,20.07712582873938
S003,B,0.36,19.195208839224872
S003,B,0.37,17.83883565752586
S003,B,0.38,16.35088933501347
S003,B,0.39,14.705001050240805
S003,B,0.4,12.863966938652188
S003,C,0.0,80.0
S003,C,0.01,80.0
S003,C,0.02,80.0
S003,C,0.03,80.0
S003,C,0.04,80.0
S003,C,0.05,80.0
S003,C,0.06,80.0
S003,C,0.07,80.0
S003,C,0.08,79.79162136308317
S003,C,0.09,79.02613658231519
S003,C,0.1,78.23137502833858
S003,C,0.11,77.40560155231509
S003,C,0.12,76.54693812413817
S003,C,0.13,75.6533483461841
S003,C,0.14,74.72261982202195
S003,C,0.15,73.7523440070687
S003,C,0.16,72.7398930878831
S003,C,0.17,71.68239333527279
S003,C,0.18,70.57669424710494
S003,C,0.19,69.41933263030126
S003,C,0.2,68.20649055518751
S003,C,0.21,66.93394583095834
S003,C,0.22,65.59701327247001
S003,C,0.23,64.19047451793759
S003,C,0.2308834976366333,64.06267048797112
S003,C,0.24,62.70849345811525
S003,C,0.25,61.14451336516487
S003,C,0.26,59.49113043251302
S003,C,0.27,57.73993644846204
S003,C,0.28,55.88132039119329
S003,C,0.29,53.90421429252064
S003,C,0.3,51.79576181351569
S003,C,0.31,49.54087689755201
S003,C,0.32,47.12164144446902
S003,C,0.33,44.5164590149004
S003,C,0.34,41.69882344706758
S003,C,0.35,38.63544912288264
S003,C,0.35267806887191433,37.76810762742144
S003,C,0.353,37.662409448177264
S003,C,0.36,35.28327733394665
S003,C,0.37,31.584347328241623
S003,C,0.38,27.456184452407918
S003,C,0.39,22.77138252573543
S003,C,0.4,17.305108649739406
S004,A,0.0,25.0
S004,A,0.01,25.0
S004,A,0.02,25.0
S004,A,0.03,25.0
S004,A,0.04,25.0
S004,A,0.05,25.0
S004,A,0.06,25.0
S004,A,0.07,25.0
S004,A,0.08,25.0
S004,A,0.09,25.0
S004,A,0.1,25.0
S004,A,0.11,25.0
S004,A,0.12,25.0
S004,A,0.13,25.0
S004,A,0.14,25.0
S004,A,0.15,25.0
S004,A,0.16,25.0
S004,A,0.17,25.0
S004,A,0.18,25.0
S004,A,0.19,25.0
S004,A,0.2,25.0
S004,A,0.21,25.0
S004,A,0.22,25.0
S004,A,0.23,25.0
S004,A,0.2308834976366333,25.0
S004,A,0.24,25.0
S004,A,0.25,25.0
S004,A,0.26,25.0
S004,A,0.27,25.0
S004,A,0.28,23.987420737087277
S004,A,0.29,22.16479428968461
S004,A,0.3,20.169042307680208
S004,A,0.31,17.96324416224123
S004,A,0.32,15.493449918955816
S004,A,0.33,12.673069539990312
S004,A,0.34,9.339495556289071
S004,A,0.35,5.068367872470718
S004,A,0.35267806887191433,3.5908786156043626
S004,A,0.353,3.3946986668017187
S004,A,0.36,
S004,A,0.37,
S004,A,0.38,
S004,A,0.39,
S004,A,0.4,
S004,B,0.0,30.0
S004,B,0.01,30.0
S004,B,0.02,30.0
S004,B,0.03,30.0
S004,B,0.04,30.0
S004,B,0.05,30.0
S004,B,0.06,30.0
S004,B,0.07,30.0
S004,B,0.08,30.0
S004,B,0.09,30.0
S004,B,0.1,30.0
S004,B,0.11,30.0
S004,B,0.12,30.0
S004,B,0.13,30.0
S004,B,0.14,30.0
S004,B,0.15,30.0
S004,B,0.16,30.0
S004,B,0.17,30.0
S004,B,0.18,30.0
S004,B,0.19,30.0
S004,B,0.2,30.0
S004,B,0.21,29.864865814167633
S004,B,0.22,29.2987823572287
S004,B,0.23,28.70303053260489
S004,B,0.2308834976366333,28.648887449190557
S004,B,0.24,28.075087574838964
S004,B,0.25,27.41211402471276
S004,B,0.26,26.71089746811734
S004,B,0.27,25.967782505079875
S004,B,0.28,25.178582426618426
S004,B,0.29,24.338466139070796
S004,B,0.3,23.44181088105457
S004,B,0.31,22.48200650875073
S004,B,0.32,21.45118925961822
S004,B,0.33,20.339869401269503
S004,B,0.34,19.13639287000304
S004,B,0.35,17.82613074301613
S004,B,0.35267806887191433,17.454809054694774
S004,B,0.353,17.409547852877424
S004,B,0.36,16.39019612237072
S004,B,0.37,14.803278931837072
S004,B,0.38,13.029671976132077
S004,B,0.39,11.015079714119011
S004,B,0.4,8.666543726610678
S004,C,0.0,80.0
S004,C,0.01,80.0
S004,C,0.02,80.0
S004,C,0.03,80.0
S004,C,0.04,79.68641821991297
S004,C,0.05,78.95793894236928
S004,C,0.06,78.2028542085937
S004,C,0.07,77.41964906576385
S004,C,0.08,76.60668801984836
S004,C,0.09,75.76220235418091
S004,C,0.1,74.8842757390653
S004,C,0.11,73.9708278434245
S004,C,0.12,73.01959559923804
S004,C,0.13,72.02811169385912
S004,C,0.14,70.99367976976623
S004,C,0.15,69.913345689451
S004,C,0.16,68.78386406635269
S004,C,0.17,67.60165905891586
S004,C,0.18,66.3627781569285
S004,C,0.19,65.06283733291922
S004,C,0.2,63.69695545112181
S004,C,0.21,62.25967517000042
S004,C,0.22,60.74486666274865
S004,C,0.23,59.14560919239281
S004,C,0.2308834976366333,58.999999999994856
S004,C,0.24,57.45404372403624
S004,C,0.25,55.66118702981277
S004,C,0.26,53.756693635587425
S004,C,0.27,51.72854560690003
S004,C,0.28,49.56264004610964
S004,C,0.29,47.24222746211263
S004,C,0.3,44.74712546890883
S004,C,0.31,42.05258059152405
S004,C,0.32,39.1275525793454
S004,C,0.33,35.931995212183786
S004,C,0.34,32.41226338014173
S004,C,0.35,28.49267885819368
S004,C,0.35267806887191433,27.361716592664994
S004,C,0.353,27.22317044936565
S004,C,0.36,24.058149308777615
S004,C,0.37,18.911642107458075
S004,C,0.38,12.634557324515319
S004,C,0.39,3.6023559615980445
S004,C,0.4,
S005,A,0.0,25.0
S005,A,0.01,25.0
S005,A,0.02,25.0
S005,A,0.03,25.0
S005,A,0.04,25.0
S005,A,0.05,25.0
S005,A,0.06,25.0
S005,A,0.07,25.0
S005,A,0.08,25.0
S005,A,0.09,25.0
S005,A,0.1,25.0
S005,A,0.11,25.0
S005,A,0.12,25.0
S005,A,0.13,25.0
S005,A,0.14,25.0
S005,A,0.15,25.0
S005,A,0.16,25.0
S005,A,0.17,25.0
S005,A,0.18,25.0
S005,A,0.19,25.0
S005,A,0.2,25.0
S005,A,0.21,25.0
S005,A,0.22,25.0
S005,A,0.23,25.0
S005,A,0.2308834976366333,25.0
S005,A,0.24,25.0
S005,A,0.25,25.0
S005,A,0.26,25.0
S005,A,0.27,25.0
S005,A,0.28,25.0
S005,A,0.29,25.0
S005,A,0.3,25.0
S005,A,0.31,25.0
S005,A,0.32,25.0
S005,A,0.33,25.0
S005,A,0.34,25.0
S005,A,0.35,25.0
S005,A,0.35267806887191433,25.0
S005,A,0.353,25.0
S005,A,0.36,25.0
S005,A,0.37,25.0
S005,A,0.38,25.0
S005,A,0.39,25.0
S005,A,0.4,25.0
S005,B,0.0,30.0
S005,B,0.01,30.0
S005,B,0.02,30.0
S005,B,0.03,30.0
S005,B,0.04,30.0
S005,B,0.05,30.0
S005,B,0.06,30.0
S005,B,0.07,30.0
S005,B,0.08,30.0
S005,B,0.09,30.0
S005,B,0.1,30.0
S005,B,0.11,30.0
S005,B,0.12,30.0
S005,B,0.13,30.0
S005,B,0.14,30.0
S005,B,0.15,30.0
S005,B,0.16,30.0
S005,B,0.17,30.0
S005,B,0.18,30.0
S005,B,0.19,30.0
S005,B,0.2,30.0
S005,B,0.21,30.0
S005,B,0.22,30.0
S005,B,0.23,30.0
S005,B,0.2308834976366333,30.0
S005,B,0.24,30.0
S005,B,0.25,30.0
S005,B,0.26,30.0
S005,B,0.27,30.0
S005,B,0.28,30.0
S005,B,0.29,30.0
S005,B,0.3,30.0
S005,B,0.31,30.0
S005,B,0.32,30.0
S005,B,0.33,30.0
S005,B,0.34,30.0
S005,B,0.35,30.0
S005,B,0.35267806887191433,30.0
S005,B,0.353,30.0
S005,B,0.36,30.0
S005,B,0.37,30.0
S005,B,0.38,30.0
S005,B,0.39,30.0
S005,B,0.4,30.0
S005,C,0.0,80.0
S005,C,0.01,80.0
S005,C,0.02,80.0
S005,C,0.03,80.0
S005,C,0.04,80.0
S005,C,0.05,80.0
S005,C,0.06,80.0
S005,C,0.07,80.0
S005,C,0.08,80.0
S005,C,0.09,80.0
S005,C,0.1,80.0
S005,C,0.11,80.0
S005,C,0.12,80.0
S005,C,0.13,80.0
S005,C,0.14,80.0
S005,C,0.15,80.0
S005,C,0.16,80.0
S005,C,0.17,80.0
S005,C,0.18,80.0
S005,C,0.19,80.0
S005,C,0.2,80.0
S005,C,0.21,80.0
S005,C,0.22,80.0
S005,C,0.23,80.0
S005,C,0.2308834976366333,80.0
S005,C,0.24,80.0
S005,C,0.25,80.0
S005,C,0.26,80.0
S005,C,0.27,80.0
S005,C,0.28,80.0
S005,C,0.29,80.0
S005,C,0.3,80.0
S005,C,0.31,80.0
S005,C,0.32,80.0
S005,C,0.33,80.0
S005,C,0.34,79.8359327303094
S005,C,0.35,78.7715230521488
S005,C,0.35267806887191433,78.47690246900977
S005,C,0.353,78.44120447550819
S005,C,0.36,77.64963936264944
S005,C,0.37,76.46539761689696
S005,C,0.38,75.21332721678745
S005,C,0.39,73.88727654843477
S005,C,0.4,72.48029868481507
S006,A,0.0,25.0
S006,A,0.01,25.0
S006,A,0.02,25.0
S006,A,0.03,25.0
S006,A,0.04,25.0
S006,A,0.05,25.0
S006,A,0.06,25.0
S006,A,0.07,25.0
S006,A,0.08,25.0
S006,A,0.09,25.0
S006,A,0.1,25.0
S006,A,0.11,25.0
S006,A,0.12,25.0
S006,A,0.13,25.0
S006,A,0.14,25.0
S006,A,0.15,25.0
S006,A,0.16,25.0
S006,A,0.17,25.0
S006,A,0.18,25.0
S006,A,0.19,25.0
S006,A,0.2,25.0
S006,A,0.21,25.0
S006,A,0.22,25.0
S006,A,0.23,25.0
S006,A,0.2308834976366333,25.0
S006,A,0.24,25.0
S006,A,0.25,25.0
S006,A,0.26,25.0
S006,A,0.27,25.0
S006,A,0.28,25.0
S006,A,0.29,25.0
S006,A,0.3,25.0
S006,A,0.31,25.0
S006,A,0.32,25.0
S006,A,0.33,25.0
S006,A,0.34,25.0
S006,A,0.35,25.0
S006,A,0.35267806887191433,25.0
S006,A,0.353,25.0
S006,A,0.36,25.0
S006,A,0.37,25.0
S006,A,0.38,25.0
S006,A,0.39,25.0
S006,A,0.4,25.0
S006,B,0.0,30.0
S006,B,0.01,30.0
S006,B,0.02,30.0
S006,B,0.03,30.0
S006,B,0.04,30.0
S006,B,0.05,30.0
S006,B,0.06,30.0
S006,B,0.07,30.0
S006,B,0.08,30.0
S006,B,0.09,30.0
S006,B,0.1,30.0
S006,B,0.11,30.0
S006,B,0.12,30.0
S006,B,0.13,30.0
S006,B,0.14,30.0
S006,B,0.15,30.0
S006,B,0.16,30.0
S006,B,0.17,30.0
S006,B,0.18,30.0
S006,B,0.19,30.0
S006,B,0.2,30.0
S006,B,0.21,30.0
S006,B,0.22,30.0
S006,B,0.23,30.0
S006,B,0.2308834976366333,30.0
S006,B,0.24,30.0
S006,B,0.25,30.0
S006,B,0.26,30.0
S006,B,0.27,30.0
S006,B,0.28,30.0
S006,B,0.29,30.0
S006,B,0.3,30.0
S006,B,0.31,30.0
S006,B,0.32,30.0
S006,B,0.33,30.0
S006,B,0.34,30.0
S006,B,0.35,30.0
S006,B,0.35267806887191433,30.0
S006,B,0.353,30.0
S006,B,0.36,30.0
S006,B,0.37,30.0
S006,B,0.38,30.0
S006,B,0.39,30.0
S006,B,0.4,30.0
S006,C,0.0,80.0
S006,C,0.01,80.0
S006,C,0.02,80.0
S006,C,0.03,80.0
S006,C,0.04,80.0
S006,C,0.05,80.0
S006,C,0.06,80.0
S006,C,0.07,80.0
S006,C,0.08,80.0
S006,C,0.09,80.0
S006,C,0.1,80.0
S006,C,0.11,80.0
S006,C,0.12,80.0
S006,C,0.13,80.0
S006,C,0.14,80.0
S006,C,0.15,80.0
S006,C,0.16,80.0
S006,C,0.17,80.0
S006,C,0.18,80.0
S006,C,0.19,80.0
S006,C,0.2,80.0
S006,C,0.21,80.0
S006,C,0.22,80.0
S006,C,0.23,80.0
S006,C,0.2308834976366333,80.0
S006,C,0.24,80.0
S006,C,0.25,80.0
S006,C,0.26,80.0
S006,C,0.27,80.0
S006,C,0.28,80.0
S006,C,0.29,80.0
S006,C,0.3,80.0
S006,C,0.31,80.0
S006,C,0.32,80.0
S006,C,0.33,80.0
S006,C,0.34,80.0
S006,C,0.35,80.0
S006,C,0.35267806887191433,80.0
S006,C,0.353,80.0
S006,C,0.36,80.0
S006,C,0.37,80.0
S006,C,0.38,80.0
S006,C,0.39,80.0
S006,C,0.4,80.0
S007,A,0.0,25.0
S007,A,0.01,25.0
S007,A,0.02,25.0
S007,A,0.03,25.0
S007,A,0.04,25.0
S007,A,0.05,25.0
S007,A,0.06,25.0
S007,A,0.07,25.0
S007,A,0.08,25.0
S007,A,0.09,25.0
S007,A,0.1,25.0
S007,A,0.11,25.0
S007,A,0.12,25.0
S007,A,0.13,25.0
S007,A,0.14,25.0
S007,A,0.15,25.0
S007,A,0.16,25.0
S007,A,0.17,25.0
S007,A,0.18,25.0
S007,A,0.19,25.0
S007,A,0.2,25.0
S007,A,0.21,25.0
S007,A,0.22,25.0
S007,A,0.23,25.0
S007,A,0.2308834976366333,25.0
S007,A,0.24,25.0
S007,A,0.25,25.0
S007,A,0.26,25.0
S007,A,0.27,25.0
S007,A,0.28,25.0
S007,A,0.29,25.0
S007,A,0.3,25.0
S007,A,0.31,25.0
S007,A,0.32,25.0
S007,A,0.33,25.0
S007,A,0.34,25.0
S007,A,0.35,25.0
S007,A,0.35267806887191433,25.0
S007,A,0.353,25.0
S007,A,0.36,25.0
S007,A,0.37,25.0
S007,A,0.38,25.0
S007,A,0.39,25.0
S007,A,0.4,25.0
S007,B,0.0,30.0
S007,B,0.01,30.0
S007,B,0.02,30.0
S007,B,0.03,30.0
S007,B,0.04,30.0
S007,B,0.05,30.0
S007,B,0.06,30.0
S007,B,0.07,30.0
S007,B,0.08,30.0
S007,B,0.09,30.0
S007,B,0.1,30.0
S007,B,0.11,30.0
S007,B,0.12,30.0
S007,B,0.13,30.0
S007,B,0.14,30.0
S007,B,0.15,30.0
S007,B,0.16,30.0
S007,B,0.17,30.0
S007,B,0.18,30.0
S007,B,0.19,30.0
S007,B,0.2,30.0
S007,B,0.21,30.0
S007,B,0.22,30.0
S007,B,0.23,30.0
S007,B,0.2308834976366333,30.0
S007,B,0.24,30.0
S007,B,0.25,30.0
S007,B,0.26,30.0
S007,B,0.27,30.0
S007,B,0.28,30.0
S007,B,0.29,30.0
S007,B,0.3,30.0
S007,B,0.31,30.0
S007,B,0.32,30.0
S007,B,0.33,30.0
S007,B,0.34,30.0
S007,B,0.35,30.0
S007,B,0.35267806887191433,30.0
S007,B,0.353,30.0
S007,B,0.36,30.0
S007,B,0.37,30.0
S007,B,0.38,30.0
S007,B,0.39,30.0
S007,B,0.4,30.0
S007,C,0.0,80.0
S007,C,0.01,80.0
S007,C,0.02,80.0
S007,C,0.03,80.0
S007,C,0.04,80.0
S007,C,0.05,80.0
S007,C,0.06,80.0
S007,C,0.07,80.0
S007,C,0.08,80.0
S007,C,0.09,80.0
S007,C,0.1,80.0
S007,C,0.11,80.0
S007,C,0.12,80.0
S007,C,0.13,80.0
S007,C,0.14,80.0
S007,C,0.15,80.0
S007,C,0.16,80.0
S007,C,0.17,80.0
S007,C,0.18,80.0
S007,C,0.19,80.0
S007,C,0.2,80.0
S007,C,0.21,80.0
S007,C,0.22,80.0
S007,C,0.23,80.0
S007,C,0.2308834976366333,80.0
S007,C,0.24,80.0
S007,C,0.25,80.0
S007,C,0.26,80.0
S007,C,0.27,80.0
S007,C,0.28,80.0
S007,C,0.29,80.0
S007,C,0.3,80.0
S007,C,0.31,80.0
S007,C,0.32,80.0
S007,C,0.33,80.0
S007,C,0.34,80.0
S007,C,0.35,80.0
S007,C,0.35267806887191433,80.0
S007,C,0.353,80.0
S007,C,0.36,80.0
S007,C,0.37,80.0
S007,C,0.38,80.0
S007,C,0.39,80.0
S007,C,0.4,80.0
S008,A,0.0,25.0
S008,A,0.01,25.0
S008,A,0.02,25.0
S008,A,0.03,25.0
S008,A,0.04,25.0
S008,A,0.05,25.0
S008,A,0.06,25.0
S008,A,0.07,25.0
S008,A,0.08,25.0
S008,A,0.09,25.0
S008,A,0.1,25.0
S008,A,0.11,25.0
S008,A,0.12,25.0
S008,A,0.13,25.0
S008,A,0.14,25.0
S008,A,0.15,25.0
S008,A,0.16,25.0
S008,A,0.17,25.0
S008,A,0.18,25.0
S008,A,0.19,25.0
S008,A,0.2,25.0
S008,A,0.21,25.0
S008,A,0.22,25.0
S008,A,0.23,25.0
S008,A,0.2308834976366333,25.0
S008,A,0.24,25.0
S008,A,0.25,24.562764613294977
S008,A,0.26,22.865236796110825
S008,A,0.27,21.017380903112045
S008,A,0.28,18.990101743008502
S008,A,0.29,16.742561131357395
S008,A,0.3,14.21314617323555
S008,A,0.31,11.297883310288839
S008,A,0.32,7.782724739251817
S008,A,0.33,2.9408681104079
S008,A,0.34,
S008,A,0.35,
S008,A,0.35267806887191433,
S008,A,0.353,
S008,A,0.36,
S008,A,0.37,
S008,A,0.38,
S008,A,0.39,
S008,A,0.4,
S008,B,0.0,30.0
S008,B,0.01,30.0
S008,B,0.02,30.0
S008,B,0.03,30.0
S008,B,0.04,30.0
S008,B,0.05,30.0
S008,B,0.06,30.0
S008,B,0.07,30.0
S008,B,0.08,30.0
S008,B,0.09,30.0
S008,B,0.1,30.0
S008,B,0.11,30.0
S008,B,0.12,30.0
S008,B,0.13,30.0
S008,B,0.14,30.0
S008,B,0.15,30.0
S008,B,0.16,30.0
S008,B,0.17,30.0
S008,B,0.18,29.906141941570354
S008,B,0.19,29.367166224124936
S008,B,0.2,28.801233623270928
S008,B,0.21,28.206156885314847
S008,B,0.22,27.57948708882189
S008,B,0.23,26.91846947538417
S008,B,0.2308834976366333,26.858316152717954
S008,B,0.24,26.219989055360518
S008,B,0.25,25.480502829485534
S008,B,0.26,24.69595420081084
S008,B,0.27,23.861663242863433
S008,B,0.28,22.97218353542738
S008,B,0.29,22.02111156431814
S008,B,0.3,21.000826890117235
S008,B,0.31,19.902127885097606
S008,B,0.32,18.713703654385952
S008,B,0.33,17.421336601687457
S008,B,0.34,16.00663576250367
S008,B,0.35,14.444891035410857
S008,B,0.35267806887191433,13.997529197500107
S008,B,0.353,13.942840104707729
S008,B,0.36,12.701116671534052
S008,B,0.37,10.721848182998105
S008,B,0.38,8.414872422475348
S008,B,0.39,5.581379038047427
S008,B,0.4,1.3967101863307876
S008,C,0.0,79.67760491828672
S008,C,0.01,78.98134764243021
S008,C,0.02,78.26078017852383
S008,C,0.03,77.51457864900571
S008,C,0.04,76.74131841865191
S008,C,0.05,75.93946395831884
S008,C,0.06,75.10735740369024
S008,C,0.07,74.24320559854334
S008,C,0.08,73.34506537031481
S008,C,0.09,72.4108267337842
S008,C,0.1,71.43819365397914
S008,C,0.11,70.42466191766385
S008,C,0.12,69.36749355908059
S008,C,0.13,68.2636871526299
S008,C,0.14,67.10994311304925
S008,C,0.15,65.90262291846607
S008,C,0.16,64.63770087370634
S008,C,0.17,63.310706631937684
S008,C,0.18,61.91665615033731
S008,C,0.19,60.449968007608575
S008,C,0.2,58.90436096313326
S008,C,0.21,57.27272714152887
S008,C,0.22,55.54697304857052
S008,C,0.23,53.71781738122837
S008,C,0.2308834976366333,53.55089399827756
S008,C,0.24,51.7745296432901
S008,C,0.25,49.70458580112551
S008,C,0.26,47.493204598983496
S008,C,0.27,45.12270691582595
S008,C,0.28,42.5716032145898
S008,C,0.29,39.8132450804715
S008,C,0.3,36.8137410376333
S008,C,0.31,33.528548871761345
S008,C,0.32,29.89648518521927
S008,C,0.33,25.828118613665772
S008,C,0.34,21.179934357684047
S008,C,0.35,15.68276226323211
S008,C,0.35267806887191433,14.000000000000034
S008,C,0.353,13.789815358831923
S008,C,0.36,8.637680377243946
S008,C,0.37,
S008,C,0.38,
S008,C,0.39,
S008,C,0.4,
S009,A,0.0,25.0
S009,A,0.01,25.0
S009,A,0.02,25.0
S009,A,0.03,25.0
S009,A,0.04,25.0
S009,A,0.05,25.0
S009,A,0.06,25.0
S009,A,0.07,25.0
S009,A,0.08,25.0
S009,A,0.09,25.0
S009,A,0.1,25.0
S009,A,0.11,25.0
S009,A,0.12,25.0
S009,A,0.13,25.0
S009,A,0.14,25.0
S009,A,0.15,25.0
S009,A,0.16,25.0
S009,A,0.17,25.0
S009,A,0.18,25.0
S009,A,0.19,25.0
S009,A,0.2,25.0
S009,A,0.21,25.0
S009,A,0.22,25.0
S009,A,0.23,25.0
S009,A,0.2308834976366333,25.0
S009,A,0.24,25.0
S009,A,0.25,25.0
S009,A,0.26,25.0
S009,A,0.27,25.0
S009,A,0.28,25.0
S009,A,0.29,25.0
S009,A,0.3,25.0
S009,A,0.31,25.0
S009,A,0.32,25.0
S009,A,0.33,25.0
S009,A,0.34,25.0
S009,A,0.35,25.0
S009,A,0.35267806887191433,25.0
S009,A,0.353,25.0
S009,A,0.36,25.0
S009,A,0.37,25.0
S009,A,0.38,25.0
S009,A,0.39,25.0
S009,A,0.4,25.0
S009,B,0.0,30.0
S009,B,0.01,30.0
S009,B,0.02,30.0
S009,B,0.03,30.0
S009,B,0.04,30.0
S009,B,0.05,30.0
S009,B,0.06,30.0
S009,B,0.07,30.0
S009,B,0.08,30.0
S009,B,0.09,30.0
S009,B,0.1,30.0
S009,B,0.11,30.0
S009,B,0.12,30.0
S009,B,0.13,30.0
S009,B,0.14,30.0
S009,B,0.15,30.0
S009,B,0.16,30.0
S009,B,0.17,30.0
S009,B,0.18,30.0
S009,B,0.19,30.0
S009,B,0.2,30.0
S009,B,0.21,30.0
S009,B,0.22,30.0
S009,B,0.23,30.0
S009,B,0.2308834976366333,30.0
S009,B,0.24,30.0
S009,B,0.25,30.0
S009,B,0.26,30.0
S009,B,0.27,30.0
S009,B,0.28,30.0
S009,B,0.29,30.0
S009,B,0.3,30.0
S009,B,0.31,30.0
S009,B,0.32,30.0
S009,B,0.33,30.0
S009,B,0.34,30.0
S009,B,0.35,30.0
S009,B,0.35267806887191433,30.0
S009,B,0.353,30.0
S009,B,0.36,30.0
S009,B,0.37,30.0
S009,B,0.38,30.0
S009,B,0.39,30.0
S009,B,0.4,30.0
S009,C,0.0,80.0
S009,C,0.01,80.0
S009,C,0.02,80.0
S009,C,0.03,80.0
S009,C,0.04,80.0
S009,C,0.05,80.0
S009,C,0.06,80.0
S009,C,0.07,80.0
S009,C,0.08,80.0
S009,C,0.09,80.0
S009,C,0.1,80.0
S009,C,0.11,80.0
S009,C,0.12,80.0
S009,C,0.13,80.0
S009,C,0.14,80.0
S009,C,0.15,80.0
S009,C,0.16,80.0
S009,C,0.17,80.0
S009,C,0.18,80.0
S009,C,0.19,80.0
S009,C,0.2,80.0
S009,C,0.21,80.0
S009,C,0.22,80.0
S009,C,0.23,80.0
S009,C,0.2308834976366333,80.0
S009,C,0.24,80.0
S009,C,0.25,80.0
S009,C,0.26,80.0
S009,C,0.27,80.0
S009,C,0.28,80.0
S009,C,0.29,80.0
S009,C,0.3,79.1535343089498
S009,C,0.31,78.13395358913527
S009,C,0.32,77.06241437700042
S009,C,0.33,75.93474134138393
S009,C,0.34,74.74628399182063
S009,C,0.35,73.49184404236725
S009,C,0.35267806887191433,73.14396279475123
S009,C,0.353,73.10179171369825
S009,C,0.36,72.16558828819116
S009,C,0.37,70.76094329413188
S009,C,0.38,69.2704670015046
S009,C,0.39,67.68569068809038
S009,C,0.4,65.99692233134623
S010,A,0.0,25.0
S010,A,0.01,25.0
S010,A,0.02,25.0
S010,A,0.03,25.0
S010,A,0.04,25.0
S010,A,0.05,25.0
S010,A,0.06,25.0
S010,A,0.07,25.0
S010,A,0.08,25.0
S010,A,0.09,25.0
S010,A,0.1,25.0
S010,A,0.11,25.0
S010,A,0.12,25.0
S010,A,0.13,25.0
S010,A,0.14,25.0
S010,A,0.15,25.0
S010,A,0.16,25.0
S010,A,0.17,25.0
S010,A,0.18,25.0
S010,A,0.19,25.0
S010,A,0.2,25.0
S010,A,0.21,25.0
S010,A,0.22,25.0
S010,A,0.23,25.0
S010,A,0.2308834976366333,25.0
S010,A,0.24,25.0
S010,A,0.25,25.0
S010,A,0.26,25.0
S010,A,0.27,25.0
S010,A,0.28,25.0
S010,A,0.29,25.0
S010,A,0.3,25.0
S010,A,0.31,25.0
S010,A,0.32,25.0
S010,A,0.33,25.0
S010,A,0.34,25.0
S010,A,0.35,25.0
S010,A,0.35267806887191433,25.0
S010,A,0.353,25.0
S010,A,0.36,25.0
S010,A,0.37,25.0
S010,A,0.38,25.0
S010,A,0.39,25.0
S010,A,0.4,25.0
S010,B,0.0,30.0
S010,B,0.01,30.0
S010,B,0.02,30.0
S010,B,0.03,30.0
S010,B,0.04,30.0
S010,B,0.05,30.0
S010,B,0.06,30.0
S010,B,0.07,30.0
S010,B,0.08,30.0
S010,B,0.09,30.0
S010,B,0.1,30.0
S010,B,0.11,30.0
S010,B,0.12,30.0
S010,B,0.13,30.0
S010,B,0.14,30.0
S010,B,0.15,30.0
S010,B,0.16,30.0
S010,B,0.17,30.0
S010,B,0.18,30.0
S010,B,0.19,30.0
S010,B,0.2,30.0
S010,B,0.21,30.0
S010,B,0.22,30.0
S010,B,0.23,30.0
S010,B,0.2308834976366333,30.0
S010,B,0.24,30.0
S010,B,0.25,30.0
S010,B,0.26,30.0
S010,B,0.27,30.0
S010,B,0.28,30.0
S010,B,0.29,30.0
S010,B,0.3,30.0
S010,B,0.31,30.0
S010,B,0.32,30.0
S010,B,0.33,30.0
S010,B,0.34,30.0
S010,B,0.35,30.0
S010,B,0.35267806887191433,30.0
S010,B,0.353,30.0
S010,B,0.36,30.0
S010,B,0.37,30.0
S010,B,0.38,30.0
S010,B,0.39,30.0
S010,B,0.4,30.0
S010,C,0.0,80.0
S010,C,0.01,80.0
S010,C,0.02,80.0
S010,C,0.03,80.0
S010,C,0.04,80.0
S010,C,0.05,80.0
S010,C,0.06,80.0
S010,C,0.07,80.0
S010,C,0.08,80.0
S010,C,0.09,80.0
S010,C,0.1,80.0
S010,C,0.11,80.0
S010,C,0.12,80.0
S010,C,0.13,80.0
S010,C,0.14,80.0
S010,C,0.15,80.0
S010,C,0.16,80.0
S010,C,0.17,80.0
S010,C,0.18,80.0
S010,C,0.19,80.0
S010,C,0.2,80.0
S010,C,0.21,80.0
S010,C,0.22,80.0
S010,C,0.23,80.0
S010,C,0.2308834976366333,80.0
S010,C,0.24,80.0
S010,C,0.25,80.0
S010,C,0.26,80.0
S010,C,0.27,80.0
S010,C,0.28,80.0
S010,C,0.29,80.0
S010,C,0.3,80.0
S010,C,0.31,80.0
S010,C,0.32,80.0
S010,C,0.33,80.0
S010,C,0.34,80.0
S010,C,0.35,80.0
S010,C,0.35267806887191433,80.0
S010,C,0.353,80.0
S010,C,0.36,80.0
S010,C,0.37,80.0
S010,C,0.38,80.0
S010,C,0.39,80.0
S010,C,0.4,79.15462117870494
S011,A,0.0,25.0
S011,A,0.01,25.0
S011,A,0.02,25.0
S011,A,0.03,25.0
S011,A,0.04,25.0
S011,A,0.05,25.0
S011,A,0.06,25.0
S011,A,0.07,25.0
S011,A,0.08,25.0
S011,A,0.09,25.0
S011,A,0.1,25.0
S011,A,0.11,25.0
S011,A,0.12,25.0
S011,A,0.13,25.0
S011,A,0.14,25.0
S011,A,0.15,25.0
S011,A,0.16,25.0
S011,A,0.17,25.0
S011,A,0.18,25.0
S011,A,0.19,25.0
S011,A,0.2,25.0
S011,A,0.21,25.0
S011,A,0.22,25.0
S011,A,0.23,25.0
S011,A,0.2308834976366333,25.0
S011,A,0.24,25.0
S011,A,0.25,25.0
S011,A,0.26,25.0
S011,A,0.27,25.0
S011,A,0.28,25.0
S011,A,0.29,25.0
S011,A,0.3,25.0
S011,A,0.31,25.0
S011,A,0.32,25.0
S011,A,0.33,25.0
S011,A,0.34,25.0
S011,A,0.35,25.0
S011,A,0.35267806887191433,25.0
S011,A,0.353,25.0
S011,A,0.36,25.0
S011,A,0.37,25.0
S011,A,0.38,25.0
S011,A,0.39,25.0
S011,A,0.4,25.0
S011,B,0.0,30.0
S011,B,0.01,30.0
S011,B,0.02,30.0
S011,B,0.03,30.0
S011,B,0.04,30.0
S011,B,0.05,30.0
S011,B,0.06,30.0
S011,B,0.07,30.0
S011,B,0.08,30.0
S011,B,0.09,30.0
S011,B,0.1,30.0
S011,B,0.11,30.0
S011,B,0.12,30.0
S011,B,0.13,30.0
S011,B,0.14,30.0
S011,B,0.15,30.0
S011,B,0.16,30.0
S011,B,0.17,30.0
S011,B,0.18,30.0
S011,B,0.19,30.0
S011,B,0.2,30.0
S011,B,0.21,30.0
S011,B,0.22,30.0
S011,B,0.23,30.0
S011,B,0.2308834976366333,30.0
S011,B,0.24,30.0
S011,B,0.25,30.0
S011,B,0.26,30.0
S011,B,0.27,30.0
S011,B,0.28,30.0
S011,B,0.29,30.0
S011,B,0.3,30.0
S011,B,0.31,30.0
S011,B,0.32,30.0
S011,B,0.33,30.0
S011,B,0.34,30.0
S011,B,0.35,30.0
S011,B,0.35267806887191433,30.0
S011,B,0.353,30.0
S011,B,0.36,30.0
S011,B,0.37,30.0
S011,B,0.38,30.0
S011,B,0.39,30.0
S011,B,0.4,30.0
S011,C,0.0,80.0
S011,C,0.01,80.0
S011,C,0.02,80.0
S011,C,0.03,80.0
S011,C,0.04,80.0
S011,C,0.05,80.0
S011,C,0.06,80.0
S011,C,0.07,80.0
S011,C,0.08,80.0
S011,C,0.09,80.0
S011,C,0.1,80.0
S011,C,0.11,80.0
S011,C,0.12,80.0
S011,C,0.13,80.0
S011,C,0.14,80.0
S011,C,0.15,80.0
S011,C,0.16,80.0
S011,C,0.17,80.0
S011,C,0.18,80.0
S011,C,0.19,80.0
S011,C,0.2,80.0
S011,C,0.21,80.0
S011,C,0.22,80.0
S011,C,0.23,80.0
S011,C,0.2308834976366333,80.0
S011,C,0.24,80.0
S011,C,0.25,80.0
S011,C,0.26,80.0
S011,C,0.27,80.0
S011,C,0.28,80.0
S011,C,0.29,80.0
S011,C,0.3,80.0
S011,C,0.31,80.0
S011,C,0.32,80.0
S011,C,0.33,80.0
S011,C,0.34,80.0
S011,C,0.35,80.0
S011,C,0.35267806887191433,80.0
S011,C,0.353,80.0
S011,C,0.36,80.0
S011,C,0.37,80.0
S011,C,0.38,80.0
S011,C,0.39,80.0
S011,C,0.4,80.0
S012,A,0.0,25.0
S012,A,0.01,25.0
S012,A,0.02,25.0
S012,A,0.03,25.0
S012,A,0.04,25.0
S012,A,0.05,25.0
S012,A,0.06,25.0
S012,A,0.07,25.0
S012,A,0.08,25.0
S012,A,0.09,25.0
S012,A,0.1,25.0
S012,A,0.11,25.0
S012,A,0.12,25.0
S012,A,0.13,25.0
S012,A,0.14,25.0
S012,A,0.15,25.0
S012,A,0.16,25.0
S012,A,0.17,25.0
S012,A,0.18,25.0
S012,A,0.19,25.0
S012,A,0.2,25.0
S012,A,0.21,25.0
S012,A,0.22,25.0
S012,A,0.23,25.0
S012,A,0.2308834976366333,25.0
S012,A,0.24,25.0
S012,A,0.25,25.0
S012,A,0.26,25.0
S012,A,0.27,25.0
S012,A,0.28,25.0
S012,A,0.29,25.0
S012,A,0.3,25.0
S012,A,0.31,23.967986908324843
S012,A,0.32,22.068253936639493
S012,A,0.33,19.98059771777647
S012,A,0.34,17.663006847223773
S012,A,0.35,15.052832975049903
S012,A,0.35267806887191433,14.292365322479275
S012,A,0.353,14.198940651033826
S012,A,0.36,12.046154037653634
S012,A,0.37,8.435235723796113
S012,A,0.38,3.572400609571358
S012,A,0.39,
S012,A,0.4,
S012,B,0.0,30.0
S012,B,0.01,30.0
S012,B,0.02,30.0
S012,B,0.03,30.0
S012,B,0.04,30.0
S012,B,0.05,30.0
S012,B,0.06,30.0
S012,B,0.07,30.0
S012,B,0.08,30.0
S012,B,0.09,30.0
S012,B,0.1,30.0
S012,B,0.11,30.0
S012,B,0.12,30.0
S012,B,0.13,30.0
S012,B,0.14,30.0
S012,B,0.15,30.0
S012,B,0.16,30.0
S012,B,0.17,30.0
S012,B,0.18,30.0
S012,B,0.19,30.0
S012,B,0.2,30.0
S012,B,0.21,30.0
S012,B,0.22,30.0
S012,B,0.23,30.0
S012,B,0.2308834976366333,30.0
S012,B,0.24,30.0
S012,B,0.25,29.432468387622986
S012,B,0.26,28.81824629053472
S012,B,0.27,28.169653265217892
S012,B,0.28,27.48355385370587
S012,B,0.29,26.75638706545163
S012,B,0.3,25.984083793826887
S012,B,0.31,25.161961895324694
S012,B,0.32,24.28459073499222
S012,B,0.33,23.345613038229445
S012,B,0.34,22.33750546398536
S012,B,0.35,21.251248498309092
S012,B,0.35267806887191433,20.945720257703478
S012,B,0.353,20.90855195493424
S012,B,0.36,20.07585724316528
S012,B,0.37,18.797689433045065
S012,B,0.38,17.399377527503972
S012,B,0.39,15.85808382287653
S012,B,0.4,14.142430642505323
S012,C,0.0,80.0
S012,C,0.01,80.0
S012,C,0.02,80.0
S012,C,0.03,80.0
S012,C,0.04,80.0
S012,C,0.05,80.0
S012,C,0.06,80.0
S012,C,0.07,80.0
S012,C,0.08,79.64470478240875
S012,C,0.09,78.88283257313871
S012,C,0.1,78.09189214161472
S012,C,0.11,77.27015430698225
S012,C,0.12,76.41574611051935
S012,C,0.13,75.52663499782761
S012,C,0.14,74.60061076898218
S012,C,0.15,73.63526490068877
S012,C,0.16,72.62796675761837
S012,C,0.17,71.57583609984638
S012,C,0.18,70.47571115246862
S012,C,0.19,69.32411132146875
S012,C,0.2,68.11719340245966
S012,C,0.21,66.85069981550781
S012,C,0.22,65.51989698044044
S012,C,0.23,64.11950137976999
S012,C,0.2308834976366333,63.992238028811116
S012,C,0.24,62.64359007654969
S012,C,0.25,61.08549136485021
S012,C,0.26,59.43764968034998
S012,C,0.27,57.69145664872562
S012,C,0.28,55.83703681067294
S012,C,0.29,53.86297148230382
S012,C,0.3,51.755936259222715
S012,C,0.31,49.50021482413614
S012,C,0.32,47.077030174080114
S012,C,0.33,44.46359667696773
S012,C,0.34,41.631726951288435
S012,C,0.35,38.54569178521433
S012,C,0.35267806887191433,37.67041825258075
S012,C,0.353,37.56370460565938
S012,C,0.36,35.15874524857298
S012,C,0.37,31.407065295313792
S012,C,0.38,27.198129006989106
S012,C,0.39,22.38517503345318
S012,C,0.4,16.697868457837938
S013,A,0.0,25.0
S013,A,0.01,25.0
S013,A,0.02,25.0
S013,A,0.03,25.0
S013,A,0.04,25.0
S013,A,0.05,25.0
S013,A,0.06,25.0
S013,A,0.07,25.0
S013,A,0.08,25.0
S013,A,0.09,25.0
S013,A,0.1,25.0
S013,A,0.11,25.0
S013,A,0.12,25.0
S013,A,0.13,25.0
S013,A,0.14,25.0
S013,A,0.15,25.0
S013,A,0.16,25.0
S013,A,0.17,25.0
S013,A,0.18,25.0
S013,A,0.19,25.0
S013,A,0.2,25.0
S013,A,0.21,25.0
S013,A,0.22,25.0
S013,A,0.23,25.0
S013,A,0.2308834976366333,25.0
S013,A,0.24,25.0
S013,A,0.25,25.0
S013,A,0.26,25.0
S013,A,0.27,25.0
S013,A,0.28,25.0
S013,A,0.29,25.0
S013,A,0.3,25.0
S013,A,0.31,25.0
S013,A,0.32,25.0
S013,A,0.33,25.0
S013,A,0.34,25.0
S013,A,0.35,25.0
S013,A,0.35267806887191433,25.0
S013,A,0.353,25.0
S013,A,0.36,25.0
S013,A,0.37,25.0
S013,A,0.38,25.0
S013,A,0.39,25.0
S013,A,0.4,25.0
S013,B,0.0,30.0
S013,B,0.01,30.0
S013,B,0.02,30.0
S013,B,0.03,30.0
S013,B,0.04,30.0
S013,B,0.05,30.0
S013,B,0.06,30.0
S013,B,0.07,30.0
S013,B,0.08,30.0
S013,B,0.09,30.0
S013,B,0.1,30.0
S013,B,0.11,30.0
S013,B,0.12,30.0
S013,B,0.13,30.0
S013,B,0.14,30.0
S013,B,0.15,30.0
S013,B,0.16,30.0
S013,B,0.17,30.0
S013,B,0.18,30.0
S013,B,0.19,30.0
S013,B,0.2,30.0
S013,B,0.21,30.0
S013,B,0.22,30.0
S013,B,0.23,30.0
S013,B,0.2308834976366333,30.0
S013,B,0.24,30.0
S013,B,0.25,30.0
S013,B,0.26,30.0
S013,B,0.27,30.0
S013,B,0.28,30.0
S013,B,0.29,30.0
S013,B,0.3,30.0
S013,B,0.31,30.0
S013,B,0.32,30.0
S013,B,0.33,30.0
S013,B,0.34,30.0
S013,B,0.35,30.0
S013,B,0.35267806887191433,30.0
S013,B,0.353,30.0
S013,B,0.36,30.0
S013,B,0.37,30.0
S013,B,0.38,30.0
S013,B,0.39,30.0
S013,B,0.4,30.0
S013,C,0.0,80.0
S013,C,0.01,80.0
S013,C,0.02,80.0
S013,C,0.03,80.0
S013,C,0.04,80.0
S013,C,0.05,80.0
S013,C,0.06,80.0
S013,C,0.07,80.0
S013,C,0.08,80.0
S013,C,0.09,80.0
S013,C,0.1,80.0
S013,C,0.11,80.0
S013,C,0.12,80.0
S013,C,0.13,80.0
S013,C,0.14,80.0
S013,C,0.15,80.0
S013,C,0.16,80.0
S013,C,0.17,80.0
S013,C,0.18,80.0
S013,C,0.19,80.0
S013,C,0.2,80.0
S013,C,0.21,80.0
S013,C,0.22,80.0
S013,C,0.23,80.0
S013,C,0.2308834976366333,80.0
S013,C,0.24,80.0
S013,C,0.25,80.0
S013,C,0.26,80.0
S013,C,0.27,80.0
S013,C,0.28,80.0
S013,C,0.29,80.0
S013,C,0.3,80.0
S013,C,0.31,80.0
S013,C,0.32,80.0
S013,C,0.33,80.0
S013,C,0.34,80.0
S013,C,0.35,80.0
S013,C,0.35267806887191433,80.0
S013,C,0.353,80.0
S013,C,0.36,80.0
S013,C,0.37,80.0
S013,C,0.38,80.0
S013,C,0.39,79.83930069902662
S013,C,0.4,78.68350120744523
S014,A,0.0,25.0
S014,A,0.01,25.0
S014,A,0.02,25.0
S014,A,0.03,25.0
S014,A,0.04,25.0
S014,A,0.05,25.0
S014,A,0.06,25.0
S014,A,0.07,25.0
S014,A,0.08,25.0
S014,A,0.09,25.0
S014,A,0.1,25.0
S014,A,0.11,25.0
S014,A,0.12,25.0
S014,A,0.13,25.0
S014,A,0.14,25.0
S014,A,0.15,25.0
S014,A,0.16,25.0
S014,A,0.17,25.0
S014,A,0.18,25.0
S014,A,0.19,25.0
S014,A,0.2,25.0
S014,A,0.21,25.0
S014,A,0.22,25.0
S014,A,0.23,25.0
S014,A,0.2308834976366333,25.0
S014,A,0.24,25.0
S014,A,0.25,25.0
S014,A,0.26,25.0
S014,A,0.27,25.0
S014,A,0.28,25.0
S014,A,0.29,25.0
S014,A,0.3,25.0
S014,A,0.31,25.0
S014,A,0.32,25.0
S014,A,0.33,25.0
S014,A,0.34,25.0
S014,A,0.35,25.0
S014,A,0.35267806887191433,25.0
S014,A,0.353,25.0
S014,A,0.36,25.0
S014,A,0.37,25.0
S014,A,0.38,25.0
S014,A,0.39,25.0
S014,A,0.4,25.0
S014,B,0.0,30.0
S014,B,0.01,30.0
S014,B,0.02,30.0
S014,B,0.03,30.0
S014,B,0.04,30.0
S014,B,0.05,30.0
S014,B,0.06,30.0
S014,B,0.07,30.0
S014,B,0.08,30.0
S014,B,0.09,30.0
S014,B,0.1,30.0
S014,B,0.11,30.0
S014,B,0.12,30.0
S014,B,0.13,30.0
S014,B,0.14,30.0
S014,B,0.15,30.0
S014,B,0.16,30.0
S014,B,0.17,30.0
S014,B,0.18,30.0
S014,B,0.19,30.0
S014,B,0.2,30.0
S014,B,0.21,30.0
S014,B,0.22,30.0
S014,B,0.23,30.0
S014,B,0.2308834976366333,30.0
S014,B,0.24,30.0
S014,B,0.25,30.0
S014,B,0.26,30.0
S014,B,0.27,30.0
S014,B,0.28,30.0
S014,B,0.29,30.0
S014,B,0.3,30.0
S014,B,0.31,30.0
S014,B,0.32,30.0
S014,B,0.33,30.0
S014,B,0.34,30.0
S014,B,0.35,30.0
S014,B,0.35267806887191433,30.0
S014,B,0.353,30.0
S014,B,0.36,30.0
S014,B,0.37,30.0
S014,B,0.38,30.0
S014,B,0.39,30.0
S014,B,0.4,30.0
S014,C,0.0,80.0
S014,C,0.01,80.0
S014,C,0.02,80.0
S014,C,0.03,80.0
S014,C,0.04,80.0
S014,C,0.05,80.0
S014,C,0.06,80.0
S014,C,0.07,80.0
S014,C,0.08,80.0
S014,C,0.09,80.0
S014,C,0.1,80.0
S014,C,0.11,80.0
S014,C,0.12,80.0
S014,C,0.13,80.0
S014,C,0.14,80.0
S014,C,0.15,80.0
S014,C,0.16,80.0
S014,C,0.17,80.0
S014,C,0.18,80.0
S014,C,0.19,80.0
S014,C,0.2,80.0
S014,C,0.21,80.0
S014,C,0.22,80.0
S014,C,0.23,80.0
S014,C,0.2308834976366333,80.0
S014,C,0.24,80.0
S014,C,0.25,80.0
S014,C,0.26,80.0
S014,C,0.27,80.0
S014,C,0.28,80.0
S014,C,0.29,80.0
S014,C,0.3,79.90369786932128
S014,C,0.31,78.88408930422763
S014,C,0.32,77.8124347542168
S014,C,0.33,76.68461889980402
S014,C,0.34,75.49607391594756
S014,C,0.35,74.24171374238996
S014,C,0.35267806887191433,73.89390056428748
S014,C,0.353,73.851739345581
S014,C,0.36,72.91585604982811
S014,C,0.37,71.51212896795228
S014,C,0.38,70.02335875680025
S014,C,0.39,68.44143338437144
S014,C,0.4,66.75713526510602
S015,A,0.0,25.0
S015,A,0.01,25.0
S015,A,0.02,25.0
S015,A,0.03,25.0
S015,A,0.04,25.0
S015,A,0.05,25.0
S015,A,0.06,25.0
S015,A,0.07,25.0
S015,A,0.08,25.0
S015,A,0.09,25.0
S015,A,0.1,25.0
S015,A,0.11,25.0
S015,A,0.12,25.0
S015,A,0.13,25.0
S015,A,0.14,25.0
S015,A,0.15,25.0
S015,A,0.16,25.0
S015,A,0.17,25.0
S015,A,0.18,25.0
S015,A,0.19,25.0
S015,A,0.2,25.0
S015,A,0.21,25.0
S015,A,0.22,25.0
S015,A,0.23,25.0
S015,A,0.2308834976366333,25.0
S015,A,0.24,25.0
S015,A,0.25,25.0
S015,A,0.26,25.0
S015,A,0.27,25.0
S015,A,0.28,25.0
S015,A,0.29,25.0
S015,A,0.3,25.0
S015,A,0.31,25.0
S015,A,0.32,25.0
S015,A,0.33,25.0
S015,A,0.34,25.0
S015,A,0.35,25.0
S015,A,0.35267806887191433,25.0
S015,A,0.353,25.0
S015,A,0.36,25.0
S015,A,0.37,25.0
S015,A,0.38,25.0
S015,A,0.39,25.0
S015,A,0.4,25.0
S015,B,0.0,30.0
S015,B,0.01,30.0
S015,B,0.02,30.0
S015,B,0.03,30.0
S015,B,0.04,30.0
S015,B,0.05,30.0
S015,B,0.06,30.0
S015,B,0.07,30.0
S015,B,0.08,30.0
S015,B,0.09,30.0
S015,B,0.1,30.0
S015,B,0.11,30.0
S015,B,0.12,30.0
S015,B,0.13,30.0
S015,B,0.14,30.0
S015,B,0.15,30.0
S015,B,0.16,30.0
S015,B,0.17,30.0
S015,B,0.18,30.0
S015,B,0.19,30.0
S015,B,0.2,30.0
S015,B,0.21,30.0
S015,B,0.22,30.0
S015,B,0.23,30.0
S015,B,0.2308834976366333,30.0
S015,B,0.24,30.0
S015,B,0.25,30.0
S015,B,0.26,30.0
S015,B,0.27,30.0
S015,B,0.28,30.0
S015,B,0.29,30.0
S015,B,0.3,30.0
S015,B,0.31,30.0
S015,B,0.32,30.0
S015,B,0.33,30.0
S015,B,0.34,30.0
S015,B,0.35,30.0
S015,B,0.35267806887191433,30.0
S015,B,0.353,30.0
S015,B,0.36,30.0
S015,B,0.37,29.570693927605188
S015,B,0.38,28.831468305038417
S015,B,0.39,28.04268062644688
S015,B,0.4,27.198962323635527
S015,C,0.0,80.0
S015,C,0.01,80.0
S015,C,0.02,80.0
S015,C,0.03,80.0
S015,C,0.04,80.0
S015,C,0.05,80.0
S015,C,0.06,80.0
S015,C,0.07,80.0
S015,C,0.08,80.0
S015,C,0.09,80.0
S015,C,0.1,80.0
S015,C,0.11,80.0
S015,C,0.12,80.0
S015,C,0.13,80.0
S015,C,0.14,80.0
S015,C,0.15,80.0
S015,C,0.16,80.0
S015,C,0.17,80.0
S015,C,0.18,80.0
S015,C,0.19,80.0
S015,C,0.2,80.0
S015,C,0.21,80.0
S015,C,0.22,80.0
S015,C,0.23,80.0
S015,C,0.2308834976366333,80.0
S015,C,0.24,79.39798805751491
S015,C,0.25,78.45461159776886
S015,C,0.26,77.46716437591029
S015,C,0.27,76.43245203964436
S015,C,0.28,75.34695772971907
S015,C,0.29,74.20679901676817
S015,C,0.3,73.00767743029762
S015,C,0.31,71.74481896108874
S015,C,0.32,70.41290347348743
S015,C,0.33,69.00598036761488
S015,C,0.34,67.51736701976758
S015,C,0.35,65.93952540692601
S015,C,0.35267806887191433,65.5007506219604
S015,C,0.353,65.44752533847566
S015,C,0.36,64.26391074179551
S015,C,0.37,62.48078367791172
S015,C,0.38,60.57897431879897
S015,C,0.39,58.54558126511475
S015,C,0.4,56.365581204596104
