task_id,type,route,aircraft,battery,start_s,last_delivery_s,return_s
Q3-T-01,A,S001,U01,A-BAT01,0.0,908.5730843719844,1250.899502077302
Q3-T-02,A,S007,U02,A-BAT02,0.0,1141.3520422703923,1727.4240845407844
Q3-T-03,A,S007,U03,A-BAT03,0.0,1141.3520422703923,1727.4240845407844
Q3-T-04,B,S010,U05,B-BAT01,0.0,1085.226449582255,1555.379565831177
Q3-T-05,B,S014,U06,B-BAT02,0.0,1242.4348748574384,1869.7564163815437
Q3-T-06,C,S001,U08,C-BAT02,0.0,1314.2695386645796,1626.1690773291593
Q3-T-07,C,S006,U07,C-BAT03,1428.1691773291593,2637.5911113099737,2989.723045290789
Q3-T-08,A,S009,U01,A-BAT04,4081.0471322858493,5206.943748201484,5769.660364117119
Q3-T-09,A,S013→S002→S009,U01,A-BAT05,1270.740465984831,3383.5518257993726,3946.2684417150076
Q3-T-10,B,S012,U05,B-BAT03,1555.379665831177,2826.6798412031994,3478.1200165752216
Q3-T-11,C,S001,U07,C-BAT01,0.0,1116.2695386645796,1428.1690773291593
Q3-T-12,C,S002,U08,C-BAT04,1685.8168699884434,3239.1330623960503,3859.629254803657
Q3-T-13,A,S013,U02,A-BAT06,1727.4241845407844,2811.0143867122492,3339.5379222170477
Q3-T-14,B,S004,U06,B-BAT04,1937.4556940070113,3179.924179205317,3859.0993310702897
Q3-T-15,A,S011→S004,U03,A-BAT01,2121.355127214739,3777.6796912600253,4585.433117276951
Q3-T-16,C,S007→S003,U07,C-BAT01,3143.3775108359177,5046.384254525917,5836.969929328251
Q3-T-17,A,S003→S015,U04,A-BAT02,3187.3421947037978,5079.81993923693,5790.6746408107265
Q3-T-18,A,S004,U02,A-BAT03,3339.5380222170475,4710.584781567306,5518.338207584231
Q3-T-19,C,S005,U08,C-BAT02,3859.6293548036574,5232.859617066571,5736.819879329485
Q3-T-20,B,S008,U05,B-BAT01,3800.5263382151497,5091.668722711958,5762.357773875434
Q3-T-21,B,S008,U06,B-BAT02,3860.5263382151497,5091.668722711958,5762.357773875434
Q3-T-22,A,S015,U04,A-BAT04,0.0,1257.7347015737969,1968.5894031475937
Q3-T-23,A,S011,U03,A-BAT06,4614.94698267049,5508.145122666037,5836.969929328251
